timestamp,Unnamed: 0_deribit_1H_AVAX,volume_deribit_1H_AVAX,ticks_deribit_1H_AVAX,status_deribit_1H_AVAX,open_deribit_1H_AVAX,low_deribit_1H_AVAX,high_deribit_1H_AVAX,cost_deribit_1H_AVAX,close_deribit_1H_AVAX
2022-04-26 09:00:00,16.0,0.0,1650967140.0,ok,74.27,74.27,74.27,0.0,74.27
2022-04-26 10:00:00,76.0,0.0,1650970740.0,ok,74.27,74.27,74.27,0.0,74.27
2022-04-26 11:00:00,136.0,0.0,1650974340.0,ok,74.27,74.27,74.27,0.0,74.27
2022-04-26 12:00:00,196.0,0.0,1650977940.0,ok,74.27,74.27,74.27,0.0,74.27
2022-04-26 13:00:00,256.0,0.0,1650981540.0,ok,74.27,74.27,74.27,0.0,74.27
2022-04-26 14:00:00,316.0,0.0,1650985140.0,ok,74.27,74.27,74.27,0.0,74.27
2022-04-26 15:00:00,376.0,0.0,1650988740.0,ok,74.27,74.27,74.27,0.0,74.27
2022-04-26 16:00:00,436.0,0.0,1650992340.0,ok,74.27,74.27,74.27,0.0,74.27
2022-04-26 17:00:00,496.0,0.0,1650995940.0,ok,74.27,74.27,74.27,0.0,74.27
2022-04-26 18:00:00,556.0,0.0,1650999540.0,ok,74.27,74.27,74.27,0.0,74.27
2022-04-26 19:00:00,616.0,0.0,1651003140.0,ok,74.27,74.27,74.27,0.0,74.27
2022-04-26 20:00:00,676.0,0.0,1651006740.0,ok,74.27,74.27,74.27,0.0,74.27
2022-04-26 21:00:00,736.0,0.0,1651010340.0,ok,74.27,74.27,74.27,0.0,74.27
2022-04-26 22:00:00,796.0,0.0,1651013940.0,ok,74.27,74.27,74.27,0.0,74.27
2022-04-26 23:00:00,856.0,0.0,1651017540.0,ok,74.27,74.27,74.27,0.0,74.27
2022-04-27 00:00:00,59.0,0.0,1651021140.0,ok,74.27,74.27,74.27,0.0,74.27
2022-04-27 01:00:00,119.0,0.0,1651024740.0,ok,74.27,74.27,74.27,0.0,74.27
2022-04-27 02:00:00,179.0,0.0,1651028340.0,ok,74.27,74.27,74.27,0.0,74.27
2022-04-27 03:00:00,239.0,0.0,1651031940.0,ok,74.27,74.27,74.27,0.0,74.27
2022-04-27 04:00:00,299.0,0.0,1651035540.0,ok,74.27,74.27,74.27,0.0,74.27
2022-04-27 05:00:00,359.0,0.0,1651039140.0,ok,74.27,74.27,74.27,0.0,74.27
2022-04-27 06:00:00,419.0,0.0,1651042740.0,ok,74.27,74.27,74.27,0.0,74.27
2022-04-27 07:00:00,479.0,0.0,1651046340.0,ok,74.27,74.27,74.27,0.0,74.27
2022-04-27 08:00:00,539.0,0.0,1651049940.0,ok,74.27,74.27,74.27,0.0,74.27
2022-04-27 09:00:00,599.0,0.0,1651053540.0,ok,74.27,74.27,74.27,0.0,74.27
2022-04-27 10:00:00,659.0,0.0,1651057140.0,ok,74.27,74.27,74.27,0.0,74.27
2022-04-27 11:00:00,719.0,0.0,1651060740.0,ok,70.17,70.17,70.17,0.0,70.17
2022-04-27 12:00:00,779.0,0.0,1651064340.0,ok,70.17,70.17,70.17,0.0,70.17
2022-04-27 13:00:00,839.0,0.0,1651067940.0,ok,70.17,70.17,70.17,0.0,70.17
2022-04-27 14:00:00,899.0,0.0,1651071540.0,ok,70.17,70.17,70.17,0.0,70.17
2022-04-27 15:00:00,959.0,0.0,1651075140.0,ok,70.17,70.17,70.17,0.0,70.17
2022-04-27 16:00:00,1019.0,0.0,1651078740.0,ok,70.17,70.17,70.17,0.0,70.17
2022-04-27 17:00:00,1079.0,0.0,1651082340.0,ok,70.17,70.17,70.17,0.0,70.17
2022-04-27 18:00:00,1139.0,0.0,1651085940.0,ok,70.17,70.17,70.17,0.0,70.17
2022-04-27 19:00:00,1199.0,0.0,1651089540.0,ok,70.17,70.17,70.17,0.0,70.17
2022-04-27 20:00:00,1259.0,0.0,1651093140.0,ok,70.17,70.17,70.17,0.0,70.17
2022-04-27 21:00:00,1319.0,0.0,1651096740.0,ok,70.17,70.17,70.17,0.0,70.17
2022-04-27 22:00:00,1379.0,0.0,1651100340.0,ok,70.17,70.17,70.17,0.0,70.17
2022-04-27 23:00:00,1439.0,0.0,1651103940.0,ok,70.17,70.17,70.17,0.0,70.17
2022-04-28 00:00:00,59.0,0.0,1651107540.0,ok,70.17,70.17,70.17,0.0,70.17
2022-04-28 01:00:00,119.0,0.0,1651111140.0,ok,70.17,70.17,70.17,0.0,70.17
2022-04-28 02:00:00,179.0,0.0,1651114740.0,ok,70.17,70.17,70.17,0.0,70.17
2022-04-28 03:00:00,239.0,0.0,1651118340.0,ok,70.17,70.17,70.17,0.0,70.17
2022-04-28 04:00:00,299.0,0.0,1651121940.0,ok,70.17,70.17,70.17,0.0,70.17
2022-04-28 05:00:00,359.0,0.0,1651125540.0,ok,70.17,70.17,70.17,0.0,70.17
2022-04-28 06:00:00,419.0,0.0,1651129140.0,ok,70.17,70.17,70.17,0.0,70.17
2022-04-28 07:00:00,479.0,0.0,1651132740.0,ok,69.68,69.68,69.68,0.0,69.68
2022-04-28 08:00:00,539.0,0.0,1651136340.0,ok,70.65,70.65,70.65,0.0,70.65
2022-04-28 09:00:00,599.0,0.0,1651139940.0,ok,70.65,70.65,70.65,0.0,70.65
2022-04-28 10:00:00,659.0,0.0,1651143540.0,ok,70.65,70.65,70.65,0.0,70.65
2022-04-28 11:00:00,719.0,0.0,1651147140.0,ok,70.65,70.65,70.65,0.0,70.65
2022-04-28 12:00:00,779.0,0.0,1651150740.0,ok,70.65,70.65,70.65,0.0,70.65
2022-04-28 13:00:00,839.0,0.0,1651154340.0,ok,70.65,70.65,70.65,0.0,70.65
2022-04-28 14:00:00,899.0,0.0,1651157940.0,ok,70.65,70.65,70.65,0.0,70.65
2022-04-28 15:00:00,959.0,0.0,1651161540.0,ok,70.65,70.65,70.65,0.0,70.65
2022-04-28 16:00:00,1019.0,0.0,1651165140.0,ok,70.65,70.65,70.65,0.0,70.65
2022-04-28 17:00:00,1079.0,0.0,1651168740.0,ok,70.65,70.65,70.65,0.0,70.65
2022-04-28 18:00:00,1139.0,0.0,1651172340.0,ok,70.65,70.65,70.65,0.0,70.65
2022-04-28 19:00:00,1199.0,0.0,1651175940.0,ok,70.65,70.65,70.65,0.0,70.65
2022-04-28 20:00:00,1259.0,0.0,1651179540.0,ok,70.65,70.65,70.65,0.0,70.65
2022-04-28 21:00:00,1319.0,0.0,1651183140.0,ok,70.65,70.65,70.65,0.0,70.65
2022-04-28 22:00:00,1379.0,0.0,1651186740.0,ok,70.65,70.65,70.65,0.0,70.65
2022-04-28 23:00:00,1439.0,0.0,1651190340.0,ok,70.65,70.65,70.65,0.0,70.65
2022-04-29 00:00:00,1440.0,0.0,1651190400.0,ok,70.65,70.65,70.65,0.0,70.65
2022-04-29 01:00:00,,,,,,,,,
2022-04-29 02:00:00,,,,,,,,,
2022-04-29 03:00:00,,,,,,,,,
2022-04-29 04:00:00,,,,,,,,,
2022-04-29 05:00:00,,,,,,,,,
2022-04-29 06:00:00,,,,,,,,,
2022-04-29 07:00:00,,,,,,,,,
2022-04-29 08:00:00,,,,,,,,,
2022-04-29 09:00:00,,,,,,,,,
2022-04-29 10:00:00,,,,,,,,,
2022-04-29 11:00:00,,,,,,,,,
2022-04-29 12:00:00,,,,,,,,,
2022-04-29 13:00:00,,,,,,,,,
2022-04-29 14:00:00,,,,,,,,,
2022-04-29 15:00:00,,,,,,,,,
2022-04-29 16:00:00,,,,,,,,,
2022-04-29 17:00:00,,,,,,,,,
2022-04-29 18:00:00,,,,,,,,,
2022-04-29 19:00:00,,,,,,,,,
2022-04-29 20:00:00,,,,,,,,,
2022-04-29 21:00:00,,,,,,,,,
2022-04-29 22:00:00,,,,,,,,,
2022-04-29 23:00:00,,,,,,,,,
2022-04-30 00:00:00,59.0,0.0,1651280340.0,ok,70.65,70.65,70.65,0.0,70.65
2022-04-30 01:00:00,119.0,0.0,1651283940.0,ok,70.65,70.65,70.65,0.0,70.65
2022-04-30 02:00:00,179.0,0.0,1651287540.0,ok,70.65,70.65,70.65,0.0,70.65
2022-04-30 03:00:00,239.0,0.0,1651291140.0,ok,70.65,70.65,70.65,0.0,70.65
2022-04-30 04:00:00,299.0,0.0,1651294740.0,ok,70.65,70.65,70.65,0.0,70.65
2022-04-30 05:00:00,359.0,0.0,1651298340.0,ok,70.65,70.65,70.65,0.0,70.65
2022-04-30 06:00:00,419.0,0.0,1651301940.0,ok,70.65,70.65,70.65,0.0,70.65
2022-04-30 07:00:00,479.0,0.0,1651305540.0,ok,70.65,70.65,70.65,0.0,70.65
2022-04-30 08:00:00,539.0,0.0,1651309140.0,ok,70.65,70.65,70.65,0.0,70.65
2022-04-30 09:00:00,599.0,0.0,1651312740.0,ok,70.65,70.65,70.65,0.0,70.65
2022-04-30 10:00:00,659.0,0.0,1651316340.0,ok,62.87,62.87,62.87,0.0,62.87
2022-04-30 11:00:00,719.0,0.0,1651319940.0,ok,62.87,62.87,62.87,0.0,62.87
2022-04-30 12:00:00,779.0,0.0,1651323540.0,ok,62.87,62.87,62.87,0.0,62.87
2022-04-30 13:00:00,839.0,0.0,1651327140.0,ok,62.87,62.87,62.87,0.0,62.87
2022-04-30 14:00:00,899.0,0.0,1651330740.0,ok,62.87,62.87,62.87,0.0,62.87
2022-04-30 15:00:00,959.0,0.0,1651334340.0,ok,62.87,62.87,62.87,0.0,62.87
2022-04-30 16:00:00,1019.0,0.0,1651337940.0,ok,62.87,62.87,62.87,0.0,62.87
2022-04-30 17:00:00,1079.0,0.0,1651341540.0,ok,62.87,62.87,62.87,0.0,62.87
2022-04-30 18:00:00,1139.0,0.0,1651345140.0,ok,62.87,62.87,62.87,0.0,62.87
2022-04-30 19:00:00,1199.0,0.0,1651348740.0,ok,62.87,62.87,62.87,0.0,62.87
2022-04-30 20:00:00,1259.0,0.0,1651352340.0,ok,62.87,62.87,62.87,0.0,62.87
2022-04-30 21:00:00,1319.0,0.0,1651355940.0,ok,62.87,62.87,62.87,0.0,62.87
2022-04-30 22:00:00,1379.0,0.0,1651359540.0,ok,62.87,62.87,62.87,0.0,62.87
2022-04-30 23:00:00,1439.0,0.0,1651363140.0,ok,62.87,62.87,62.87,0.0,62.87
2022-05-01 00:00:00,59.0,0.0,1651366740.0,ok,62.87,62.87,62.87,0.0,62.87
2022-05-01 01:00:00,119.0,0.0,1651370340.0,ok,62.87,62.87,62.87,0.0,62.87
2022-05-01 02:00:00,179.0,0.0,1651373940.0,ok,62.87,62.87,62.87,0.0,62.87
2022-05-01 03:00:00,239.0,0.0,1651377540.0,ok,62.87,62.87,62.87,0.0,62.87
2022-05-01 04:00:00,299.0,0.0,1651381140.0,ok,58.69,58.69,58.69,0.0,58.69
2022-05-01 05:00:00,359.0,0.0,1651384740.0,ok,58.69,58.69,58.69,0.0,58.69
2022-05-01 06:00:00,419.0,0.0,1651388340.0,ok,58.69,58.69,58.69,0.0,58.69
2022-05-01 07:00:00,479.0,0.0,1651391940.0,ok,58.69,58.69,58.69,0.0,58.69
2022-05-01 08:00:00,539.0,0.0,1651395540.0,ok,58.69,58.69,58.69,0.0,58.69
2022-05-01 09:00:00,599.0,0.0,1651399140.0,ok,58.69,58.69,58.69,0.0,58.69
2022-05-01 10:00:00,659.0,0.0,1651402740.0,ok,58.69,58.69,58.69,0.0,58.69
2022-05-01 11:00:00,719.0,0.0,1651406340.0,ok,58.69,58.69,58.69,0.0,58.69
2022-05-01 12:00:00,779.0,0.0,1651409940.0,ok,58.69,58.69,58.69,0.0,58.69
2022-05-01 13:00:00,839.0,0.0,1651413540.0,ok,58.69,58.69,58.69,0.0,58.69
2022-05-01 14:00:00,899.0,0.0,1651417140.0,ok,58.69,58.69,58.69,0.0,58.69
2022-05-01 15:00:00,959.0,0.0,1651420740.0,ok,58.69,58.69,58.69,0.0,58.69
2022-05-01 16:00:00,1019.0,0.0,1651424340.0,ok,58.69,58.69,58.69,0.0,58.69
2022-05-01 17:00:00,1079.0,0.0,1651427940.0,ok,58.69,58.69,58.69,0.0,58.69
2022-05-01 18:00:00,1139.0,0.0,1651431540.0,ok,58.69,58.69,58.69,0.0,58.69
2022-05-01 19:00:00,1199.0,0.0,1651435140.0,ok,58.69,58.69,58.69,0.0,58.69
2022-05-01 20:00:00,1259.0,0.0,1651438740.0,ok,58.69,58.69,58.69,0.0,58.69
2022-05-01 21:00:00,1319.0,0.0,1651442340.0,ok,58.69,58.69,58.69,0.0,58.69
2022-05-01 22:00:00,1379.0,0.0,1651445940.0,ok,58.69,58.69,58.69,0.0,58.69
2022-05-01 23:00:00,1439.0,0.0,1651449540.0,ok,58.69,58.69,58.69,0.0,58.69
2022-05-02 00:00:00,1440.0,0.0,1651449600.0,ok,58.69,58.69,58.69,0.0,58.69
2022-05-02 01:00:00,,,,,,,,,
2022-05-02 02:00:00,,,,,,,,,
2022-05-02 03:00:00,,,,,,,,,
2022-05-02 04:00:00,,,,,,,,,
2022-05-02 05:00:00,,,,,,,,,
2022-05-02 06:00:00,,,,,,,,,
2022-05-02 07:00:00,,,,,,,,,
2022-05-02 08:00:00,,,,,,,,,
2022-05-02 09:00:00,,,,,,,,,
2022-05-02 10:00:00,,,,,,,,,
2022-05-02 11:00:00,,,,,,,,,
2022-05-02 12:00:00,,,,,,,,,
2022-05-02 13:00:00,,,,,,,,,
2022-05-02 14:00:00,,,,,,,,,
2022-05-02 15:00:00,,,,,,,,,
2022-05-02 16:00:00,,,,,,,,,
2022-05-02 17:00:00,,,,,,,,,
2022-05-02 18:00:00,,,,,,,,,
2022-05-02 19:00:00,,,,,,,,,
2022-05-02 20:00:00,,,,,,,,,
2022-05-02 21:00:00,,,,,,,,,
2022-05-02 22:00:00,,,,,,,,,
2022-05-02 23:00:00,,,,,,,,,
2022-05-03 00:00:00,,,,,,,,,
2022-05-03 01:00:00,,,,,,,,,
2022-05-03 02:00:00,,,,,,,,,
2022-05-03 03:00:00,,,,,,,,,
2022-05-03 04:00:00,,,,,,,,,
2022-05-03 05:00:00,,,,,,,,,
2022-05-03 06:00:00,,,,,,,,,
2022-05-03 07:00:00,,,,,,,,,
2022-05-03 08:00:00,,,,,,,,,
2022-05-03 09:00:00,,,,,,,,,
2022-05-03 10:00:00,,,,,,,,,
2022-05-03 11:00:00,,,,,,,,,
2022-05-03 12:00:00,,,,,,,,,
2022-05-03 13:00:00,,,,,,,,,
2022-05-03 14:00:00,,,,,,,,,
2022-05-03 15:00:00,,,,,,,,,
2022-05-03 16:00:00,,,,,,,,,
2022-05-03 17:00:00,,,,,,,,,
2022-05-03 18:00:00,,,,,,,,,
2022-05-03 19:00:00,,,,,,,,,
2022-05-03 20:00:00,,,,,,,,,
2022-05-03 21:00:00,,,,,,,,,
2022-05-03 22:00:00,,,,,,,,,
2022-05-03 23:00:00,,,,,,,,,
2022-05-04 00:00:00,59.0,0.0,1651625940.0,ok,58.69,58.69,58.69,0.0,58.69
2022-05-04 01:00:00,119.0,0.0,1651629540.0,ok,58.69,58.69,58.69,0.0,58.69
2022-05-04 02:00:00,179.0,0.0,1651633140.0,ok,58.69,58.69,58.69,0.0,58.69
2022-05-04 03:00:00,239.0,0.0,1651636740.0,ok,58.69,58.69,58.69,0.0,58.69
2022-05-04 04:00:00,299.0,0.0,1651640340.0,ok,59.93,59.93,59.93,0.0,59.93
2022-05-04 05:00:00,359.0,0.0,1651643940.0,ok,59.93,59.93,59.93,0.0,59.93
2022-05-04 06:00:00,419.0,0.0,1651647540.0,ok,59.93,59.93,59.93,0.0,59.93
2022-05-04 07:00:00,479.0,0.0,1651651140.0,ok,59.93,59.93,59.93,0.0,59.93
2022-05-04 08:00:00,539.0,0.0,1651654740.0,ok,59.93,59.93,59.93,0.0,59.93
2022-05-04 09:00:00,599.0,0.0,1651658340.0,ok,59.93,59.93,59.93,0.0,59.93
2022-05-04 10:00:00,659.0,0.0,1651661940.0,ok,59.93,59.93,59.93,0.0,59.93
2022-05-04 11:00:00,719.0,0.0,1651665540.0,ok,59.93,59.93,59.93,0.0,59.93
2022-05-04 12:00:00,779.0,0.0,1651669140.0,ok,59.93,59.93,59.93,0.0,59.93
2022-05-04 13:00:00,839.0,0.0,1651672740.0,ok,59.93,59.93,59.93,0.0,59.93
2022-05-04 14:00:00,899.0,0.0,1651676340.0,ok,59.93,59.93,59.93,0.0,59.93
2022-05-04 15:00:00,959.0,0.0,1651679940.0,ok,59.93,59.93,59.93,0.0,59.93
2022-05-04 16:00:00,1019.0,0.0,1651683540.0,ok,59.93,59.93,59.93,0.0,59.93
2022-05-04 17:00:00,1079.0,0.0,1651687140.0,ok,59.93,59.93,59.93,0.0,59.93
2022-05-04 18:00:00,1139.0,0.0,1651690740.0,ok,59.93,59.93,59.93,0.0,59.93
2022-05-04 19:00:00,1199.0,0.0,1651694340.0,ok,59.93,59.93,59.93,0.0,59.93
2022-05-04 20:00:00,1259.0,0.0,1651697940.0,ok,59.93,59.93,59.93,0.0,59.93
2022-05-04 21:00:00,1319.0,0.0,1651701540.0,ok,59.93,59.93,59.93,0.0,59.93
2022-05-04 22:00:00,1379.0,0.0,1651705140.0,ok,59.93,59.93,59.93,0.0,59.93
2022-05-04 23:00:00,1439.0,0.0,1651708740.0,ok,59.93,59.93,59.93,0.0,59.93
2022-05-05 00:00:00,59.0,0.0,1651712340.0,ok,59.93,59.93,59.93,0.0,59.93
2022-05-05 01:00:00,119.0,0.0,1651715940.0,ok,59.93,59.93,59.93,0.0,59.93
2022-05-05 02:00:00,179.0,0.0,1651719540.0,ok,59.93,59.93,59.93,0.0,59.93
2022-05-05 03:00:00,239.0,0.0,1651723140.0,ok,59.93,59.93,59.93,0.0,59.93
2022-05-05 04:00:00,299.0,0.0,1651726740.0,ok,59.93,59.93,59.93,0.0,59.93
2022-05-05 05:00:00,359.0,0.0,1651730340.0,ok,59.93,59.93,59.93,0.0,59.93
2022-05-05 06:00:00,419.0,0.0,1651733940.0,ok,59.93,59.93,59.93,0.0,59.93
2022-05-05 07:00:00,479.0,0.0,1651737540.0,ok,66.88,66.88,66.88,0.0,66.88
2022-05-05 08:00:00,539.0,0.0,1651741140.0,ok,66.88,66.88,66.88,0.0,66.88
2022-05-05 09:00:00,599.0,0.0,1651744740.0,ok,66.88,66.88,66.88,0.0,66.88
2022-05-05 10:00:00,659.0,0.0,1651748340.0,ok,66.88,66.88,66.88,0.0,66.88
2022-05-05 11:00:00,719.0,0.0,1651751940.0,ok,66.88,66.88,66.88,0.0,66.88
2022-05-05 12:00:00,779.0,0.0,1651755540.0,ok,66.88,66.88,66.88,0.0,66.88
2022-05-05 13:00:00,839.0,0.0,1651759140.0,ok,66.88,66.88,66.88,0.0,66.88
2022-05-05 14:00:00,899.0,0.0,1651762740.0,ok,66.88,66.88,66.88,0.0,66.88
2022-05-05 15:00:00,959.0,0.0,1651766340.0,ok,66.88,66.88,66.88,0.0,66.88
2022-05-05 16:00:00,1019.0,0.0,1651769940.0,ok,66.88,66.88,66.88,0.0,66.88
2022-05-05 17:00:00,1079.0,0.0,1651773540.0,ok,66.88,66.88,66.88,0.0,66.88
2022-05-05 18:00:00,1139.0,0.0,1651777140.0,ok,66.88,66.88,66.88,0.0,66.88
2022-05-05 19:00:00,1199.0,0.0,1651780740.0,ok,66.88,66.88,66.88,0.0,66.88
2022-05-05 20:00:00,1259.0,0.0,1651784340.0,ok,66.88,66.88,66.88,0.0,66.88
2022-05-05 21:00:00,1319.0,0.0,1651787940.0,ok,66.88,66.88,66.88,0.0,66.88
2022-05-05 22:00:00,1379.0,0.0,1651791540.0,ok,66.88,66.88,66.88,0.0,66.88
2022-05-05 23:00:00,1439.0,0.0,1651795140.0,ok,66.88,66.88,66.88,0.0,66.88
2022-05-06 00:00:00,59.0,0.0,1651798740.0,ok,66.88,66.88,66.88,0.0,66.88
2022-05-06 01:00:00,119.0,0.0,1651802340.0,ok,66.88,66.88,66.88,0.0,66.88
2022-05-06 02:00:00,179.0,0.0,1651805940.0,ok,66.88,66.88,66.88,0.0,66.88
2022-05-06 03:00:00,239.0,0.0,1651809540.0,ok,66.88,66.88,66.88,0.0,66.88
2022-05-06 04:00:00,299.0,0.0,1651813140.0,ok,66.88,66.88,66.88,0.0,66.88
2022-05-06 05:00:00,359.0,0.0,1651816740.0,ok,66.88,66.88,66.88,0.0,66.88
2022-05-06 06:00:00,419.0,0.0,1651820340.0,ok,66.88,66.88,66.88,0.0,66.88
2022-05-06 07:00:00,479.0,0.0,1651823940.0,ok,58.61,58.61,58.61,0.0,58.61
2022-05-06 08:00:00,539.0,0.0,1651827540.0,ok,58.61,58.61,58.61,0.0,58.61
2022-05-06 09:00:00,599.0,0.0,1651831140.0,ok,58.61,58.61,58.61,0.0,58.61
2022-05-06 10:00:00,659.0,0.0,1651834740.0,ok,58.61,58.61,58.61,0.0,58.61
2022-05-06 11:00:00,719.0,0.0,1651838340.0,ok,58.61,58.61,58.61,0.0,58.61
2022-05-06 12:00:00,779.0,0.0,1651841940.0,ok,58.61,58.61,58.61,0.0,58.61
2022-05-06 13:00:00,839.0,0.0,1651845540.0,ok,58.61,58.61,58.61,0.0,58.61
2022-05-06 14:00:00,899.0,0.0,1651849140.0,ok,58.61,58.61,58.61,0.0,58.61
2022-05-06 15:00:00,959.0,0.0,1651852740.0,ok,58.61,58.61,58.61,0.0,58.61
2022-05-06 16:00:00,1019.0,0.0,1651856340.0,ok,58.61,58.61,58.61,0.0,58.61
2022-05-06 17:00:00,1079.0,0.0,1651859940.0,ok,58.61,58.61,58.61,0.0,58.61
2022-05-06 18:00:00,1139.0,0.0,1651863540.0,ok,58.61,58.61,58.61,0.0,58.61
2022-05-06 19:00:00,1199.0,0.0,1651867140.0,ok,58.61,58.61,58.61,0.0,58.61
2022-05-06 20:00:00,1259.0,0.0,1651870740.0,ok,58.61,58.61,58.61,0.0,58.61
2022-05-06 21:00:00,1319.0,0.0,1651874340.0,ok,58.61,58.61,58.61,0.0,58.61
2022-05-06 22:00:00,1379.0,0.0,1651877940.0,ok,58.61,58.61,58.61,0.0,58.61
2022-05-06 23:00:00,1439.0,0.0,1651881540.0,ok,58.61,58.61,58.61,0.0,58.61
2022-05-07 00:00:00,1440.0,0.0,1651881600.0,ok,58.61,58.61,58.61,0.0,58.61
2022-05-07 01:00:00,,,,,,,,,
2022-05-07 02:00:00,,,,,,,,,
2022-05-07 03:00:00,,,,,,,,,
2022-05-07 04:00:00,,,,,,,,,
2022-05-07 05:00:00,,,,,,,,,
2022-05-07 06:00:00,,,,,,,,,
2022-05-07 07:00:00,,,,,,,,,
2022-05-07 08:00:00,,,,,,,,,
2022-05-07 09:00:00,,,,,,,,,
2022-05-07 10:00:00,,,,,,,,,
2022-05-07 11:00:00,,,,,,,,,
2022-05-07 12:00:00,,,,,,,,,
2022-05-07 13:00:00,,,,,,,,,
2022-05-07 14:00:00,,,,,,,,,
2022-05-07 15:00:00,,,,,,,,,
2022-05-07 16:00:00,,,,,,,,,
2022-05-07 17:00:00,,,,,,,,,
2022-05-07 18:00:00,,,,,,,,,
2022-05-07 19:00:00,,,,,,,,,
2022-05-07 20:00:00,,,,,,,,,
2022-05-07 21:00:00,,,,,,,,,
2022-05-07 22:00:00,,,,,,,,,
2022-05-07 23:00:00,,,,,,,,,
2022-05-08 00:00:00,59.0,0.0,1651971540.0,ok,58.61,58.61,58.61,0.0,58.61
2022-05-08 01:00:00,119.0,0.0,1651975140.0,ok,58.61,58.61,58.61,0.0,58.61
2022-05-08 02:00:00,179.0,0.0,1651978740.0,ok,58.61,58.61,58.61,0.0,58.61
2022-05-08 03:00:00,239.0,0.0,1651982340.0,ok,58.61,58.61,58.61,0.0,58.61
2022-05-08 04:00:00,299.0,0.0,1651985940.0,ok,58.61,58.61,58.61,0.0,58.61
2022-05-08 05:00:00,359.0,0.0,1651989540.0,ok,58.61,58.61,58.61,0.0,58.61
2022-05-08 06:00:00,419.0,0.0,1651993140.0,ok,58.61,58.61,58.61,0.0,58.61
2022-05-08 07:00:00,479.0,0.0,1651996740.0,ok,58.61,58.61,58.61,0.0,58.61
2022-05-08 08:00:00,539.0,0.0,1652000340.0,ok,58.61,58.61,58.61,0.0,58.61
2022-05-08 09:00:00,599.0,0.0,1652003940.0,ok,58.61,58.61,58.61,0.0,58.61
2022-05-08 10:00:00,659.0,0.0,1652007540.0,ok,58.61,58.61,58.61,0.0,58.61
2022-05-08 11:00:00,719.0,0.0,1652011140.0,ok,58.61,58.61,58.61,0.0,58.61
2022-05-08 12:00:00,779.0,0.0,1652014740.0,ok,58.61,58.61,58.61,0.0,58.61
2022-05-08 13:00:00,839.0,0.0,1652018340.0,ok,58.61,58.61,58.61,0.0,58.61
2022-05-08 14:00:00,899.0,0.0,1652021940.0,ok,58.61,58.61,58.61,0.0,58.61
2022-05-08 15:00:00,959.0,0.0,1652025540.0,ok,58.61,58.61,58.61,0.0,58.61
2022-05-08 16:00:00,1019.0,0.0,1652029140.0,ok,58.61,58.61,58.61,0.0,58.61
2022-05-08 17:00:00,1079.0,0.0,1652032740.0,ok,51.03,51.03,51.03,0.0,51.03
2022-05-08 18:00:00,1139.0,0.0,1652036340.0,ok,51.03,51.03,51.03,0.0,51.03
2022-05-08 19:00:00,1199.0,0.0,1652039940.0,ok,51.03,51.03,51.03,0.0,51.03
2022-05-08 20:00:00,1259.0,0.0,1652043540.0,ok,51.03,51.03,51.03,0.0,51.03
2022-05-08 21:00:00,1319.0,0.0,1652047140.0,ok,51.03,51.03,51.03,0.0,51.03
2022-05-08 22:00:00,1379.0,0.0,1652050740.0,ok,51.03,51.03,51.03,0.0,51.03
2022-05-08 23:00:00,1439.0,0.0,1652054340.0,ok,51.03,51.03,51.03,0.0,51.03
2022-05-09 00:00:00,59.0,0.0,1652057940.0,ok,51.03,51.03,51.03,0.0,51.03
2022-05-09 01:00:00,119.0,0.0,1652061540.0,ok,51.03,51.03,51.03,0.0,51.03
2022-05-09 02:00:00,179.0,0.0,1652065140.0,ok,51.03,51.03,51.03,0.0,51.03
2022-05-09 03:00:00,239.0,0.0,1652068740.0,ok,51.03,51.03,51.03,0.0,51.03
2022-05-09 04:00:00,299.0,0.0,1652072340.0,ok,51.03,51.03,51.03,0.0,51.03
2022-05-09 05:00:00,359.0,0.0,1652075940.0,ok,51.03,51.03,51.03,0.0,51.03
2022-05-09 06:00:00,419.0,0.0,1652079540.0,ok,51.03,51.03,51.03,0.0,51.03
2022-05-09 07:00:00,479.0,0.0,1652083140.0,ok,51.03,51.03,51.03,0.0,51.03
2022-05-09 08:00:00,539.0,0.0,1652086740.0,ok,51.03,51.03,51.03,0.0,51.03
2022-05-09 09:00:00,599.0,0.0,1652090340.0,ok,51.03,51.03,51.03,0.0,51.03
2022-05-09 10:00:00,659.0,0.0,1652093940.0,ok,51.03,51.03,51.03,0.0,51.03
2022-05-09 11:00:00,719.0,0.0,1652097540.0,ok,48.11,48.11,48.11,0.0,48.11
2022-05-09 12:00:00,779.0,0.0,1652101140.0,ok,48.11,48.11,48.11,0.0,48.11
2022-05-09 13:00:00,839.0,0.0,1652104740.0,ok,48.11,48.11,48.11,0.0,48.11
2022-05-09 14:00:00,899.0,0.0,1652108340.0,ok,48.11,48.11,48.11,0.0,48.11
2022-05-09 15:00:00,959.0,0.0,1652111940.0,ok,48.11,48.11,48.11,0.0,48.11
2022-05-09 16:00:00,1019.0,0.0,1652115540.0,ok,48.11,48.11,48.11,0.0,48.11
2022-05-09 17:00:00,1079.0,0.0,1652119140.0,ok,48.11,48.11,48.11,0.0,48.11
2022-05-09 18:00:00,1139.0,0.0,1652122740.0,ok,48.11,48.11,48.11,0.0,48.11
2022-05-09 19:00:00,1199.0,0.0,1652126340.0,ok,48.11,48.11,48.11,0.0,48.11
2022-05-09 20:00:00,1259.0,0.0,1652129940.0,ok,48.11,48.11,48.11,0.0,48.11
2022-05-09 21:00:00,1319.0,0.0,1652133540.0,ok,48.11,48.11,48.11,0.0,48.11
2022-05-09 22:00:00,1379.0,0.0,1652137140.0,ok,48.11,48.11,48.11,0.0,48.11
2022-05-09 23:00:00,1439.0,0.0,1652140740.0,ok,48.11,48.11,48.11,0.0,48.11
2022-05-10 00:00:00,59.0,0.0,1652144340.0,ok,48.11,48.11,48.11,0.0,48.11
2022-05-10 01:00:00,119.0,0.0,1652147940.0,ok,48.11,48.11,48.11,0.0,48.11
2022-05-10 02:00:00,179.0,0.0,1652151540.0,ok,48.11,48.11,48.11,0.0,48.11
2022-05-10 03:00:00,239.0,0.0,1652155140.0,ok,48.11,48.11,48.11,0.0,48.11
2022-05-10 04:00:00,299.0,0.0,1652158740.0,ok,48.11,48.11,48.11,0.0,48.11
2022-05-10 05:00:00,359.0,0.0,1652162340.0,ok,48.11,48.11,48.11,0.0,48.11
2022-05-10 06:00:00,419.0,0.0,1652165940.0,ok,46.45,46.45,46.45,0.0,46.45
2022-05-10 07:00:00,479.0,0.0,1652169540.0,ok,46.45,46.45,46.45,0.0,46.45
2022-05-10 08:00:00,539.0,0.0,1652173140.0,ok,46.45,46.45,46.45,0.0,46.45
2022-05-10 09:00:00,599.0,0.0,1652176740.0,ok,46.45,46.45,46.45,0.0,46.45
2022-05-10 10:00:00,659.0,0.0,1652180340.0,ok,46.45,46.45,46.45,0.0,46.45
2022-05-10 11:00:00,719.0,0.0,1652183940.0,ok,46.45,46.45,46.45,0.0,46.45
2022-05-10 12:00:00,779.0,0.0,1652187540.0,ok,46.45,46.45,46.45,0.0,46.45
2022-05-10 13:00:00,839.0,0.0,1652191140.0,ok,46.45,46.45,46.45,0.0,46.45
2022-05-10 14:00:00,899.0,0.0,1652194740.0,ok,46.45,46.45,46.45,0.0,46.45
2022-05-10 15:00:00,959.0,0.0,1652198340.0,ok,46.45,46.45,46.45,0.0,46.45
2022-05-10 16:00:00,1019.0,0.0,1652201940.0,ok,46.45,46.45,46.45,0.0,46.45
2022-05-10 17:00:00,1079.0,0.0,1652205540.0,ok,46.45,46.45,46.45,0.0,46.45
2022-05-10 18:00:00,1139.0,0.0,1652209140.0,ok,46.45,46.45,46.45,0.0,46.45
2022-05-10 19:00:00,1199.0,0.0,1652212740.0,ok,46.45,46.45,46.45,0.0,46.45
2022-05-10 20:00:00,1259.0,0.0,1652216340.0,ok,46.45,46.45,46.45,0.0,46.45
2022-05-10 21:00:00,1319.0,0.0,1652219940.0,ok,46.45,46.45,46.45,0.0,46.45
2022-05-10 22:00:00,1379.0,0.0,1652223540.0,ok,46.45,46.45,46.45,0.0,46.45
2022-05-10 23:00:00,1439.0,0.0,1652227140.0,ok,46.45,46.45,46.45,0.0,46.45
2022-05-11 00:00:00,59.0,0.0,1652230740.0,ok,46.45,46.45,46.45,0.0,46.45
2022-05-11 01:00:00,119.0,0.0,1652234340.0,ok,46.45,46.45,46.45,0.0,46.45
2022-05-11 02:00:00,179.0,0.0,1652237940.0,ok,46.45,46.45,46.45,0.0,46.45
2022-05-11 03:00:00,239.0,0.0,1652241540.0,ok,46.45,46.45,46.45,0.0,46.45
2022-05-11 04:00:00,299.0,0.0,1652245140.0,ok,46.45,46.45,46.45,0.0,46.45
2022-05-11 05:00:00,359.0,0.0,1652248740.0,ok,46.45,46.45,46.45,0.0,46.45
2022-05-11 06:00:00,419.0,0.0,1652252340.0,ok,46.45,46.45,46.45,0.0,46.45
2022-05-11 07:00:00,479.0,0.0,1652255940.0,ok,46.45,46.45,46.45,0.0,46.45
2022-05-11 08:00:00,539.0,0.0,1652259540.0,ok,46.45,46.45,46.45,0.0,46.45
2022-05-11 09:00:00,599.0,0.0,1652263140.0,ok,46.45,46.45,46.45,0.0,46.45
2022-05-11 10:00:00,659.0,0.0,1652266740.0,ok,46.45,46.45,46.45,0.0,46.45
2022-05-11 11:00:00,719.0,0.0,1652270340.0,ok,46.45,46.45,46.45,0.0,46.45
2022-05-11 12:00:00,779.0,0.0,1652273940.0,ok,27.48,27.48,27.48,0.0,27.48
2022-05-11 13:00:00,839.0,0.0,1652277540.0,ok,27.48,27.48,27.48,0.0,27.48
2022-05-11 14:00:00,899.0,0.0,1652281140.0,ok,27.48,27.48,27.48,0.0,27.48
2022-05-11 15:00:00,959.0,0.0,1652284740.0,ok,27.48,27.48,27.48,0.0,27.48
2022-05-11 16:00:00,1019.0,0.0,1652288340.0,ok,27.48,27.48,27.48,0.0,27.48
2022-05-11 17:00:00,1079.0,0.0,1652291940.0,ok,27.48,27.48,27.48,0.0,27.48
2022-05-11 18:00:00,1139.0,0.0,1652295540.0,ok,27.48,27.48,27.48,0.0,27.48
2022-05-11 19:00:00,1199.0,0.0,1652299140.0,ok,27.48,27.48,27.48,0.0,27.48
2022-05-11 20:00:00,1259.0,0.0,1652302740.0,ok,27.48,27.48,27.48,0.0,27.48
2022-05-11 21:00:00,1319.0,0.0,1652306340.0,ok,27.48,27.48,27.48,0.0,27.48
2022-05-11 22:00:00,1379.0,0.0,1652309940.0,ok,27.48,27.48,27.48,0.0,27.48
2022-05-11 23:00:00,1439.0,0.0,1652313540.0,ok,27.48,27.48,27.48,0.0,27.48
2022-05-12 00:00:00,1440.0,0.0,1652313600.0,ok,27.48,27.48,27.48,0.0,27.48
2022-05-12 01:00:00,,,,,,,,,
2022-05-12 02:00:00,,,,,,,,,
2022-05-12 03:00:00,,,,,,,,,
2022-05-12 04:00:00,,,,,,,,,
2022-05-12 05:00:00,,,,,,,,,
2022-05-12 06:00:00,,,,,,,,,
2022-05-12 07:00:00,,,,,,,,,
2022-05-12 08:00:00,,,,,,,,,
2022-05-12 09:00:00,,,,,,,,,
2022-05-12 10:00:00,,,,,,,,,
2022-05-12 11:00:00,,,,,,,,,
2022-05-12 12:00:00,,,,,,,,,
2022-05-12 13:00:00,,,,,,,,,
2022-05-12 14:00:00,,,,,,,,,
2022-05-12 15:00:00,,,,,,,,,
2022-05-12 16:00:00,,,,,,,,,
2022-05-12 17:00:00,,,,,,,,,
2022-05-12 18:00:00,,,,,,,,,
2022-05-12 19:00:00,,,,,,,,,
2022-05-12 20:00:00,,,,,,,,,
2022-05-12 21:00:00,,,,,,,,,
2022-05-12 22:00:00,,,,,,,,,
2022-05-12 23:00:00,,,,,,,,,
2022-05-13 00:00:00,,,,,,,,,
2022-05-13 01:00:00,,,,,,,,,
2022-05-13 02:00:00,,,,,,,,,
2022-05-13 03:00:00,,,,,,,,,
2022-05-13 04:00:00,,,,,,,,,
2022-05-13 05:00:00,,,,,,,,,
2022-05-13 06:00:00,,,,,,,,,
2022-05-13 07:00:00,,,,,,,,,
2022-05-13 08:00:00,,,,,,,,,
2022-05-13 09:00:00,,,,,,,,,
2022-05-13 10:00:00,,,,,,,,,
2022-05-13 11:00:00,,,,,,,,,
2022-05-13 12:00:00,,,,,,,,,
2022-05-13 13:00:00,,,,,,,,,
2022-05-13 14:00:00,,,,,,,,,
2022-05-13 15:00:00,,,,,,,,,
2022-05-13 16:00:00,,,,,,,,,
2022-05-13 17:00:00,,,,,,,,,
2022-05-13 18:00:00,,,,,,,,,
2022-05-13 19:00:00,,,,,,,,,
2022-05-13 20:00:00,,,,,,,,,
2022-05-13 21:00:00,,,,,,,,,
2022-05-13 22:00:00,,,,,,,,,
2022-05-13 23:00:00,,,,,,,,,
2022-05-14 00:00:00,,,,,,,,,
2022-05-14 01:00:00,,,,,,,,,
2022-05-14 02:00:00,,,,,,,,,
2022-05-14 03:00:00,,,,,,,,,
2022-05-14 04:00:00,,,,,,,,,
2022-05-14 05:00:00,,,,,,,,,
2022-05-14 06:00:00,,,,,,,,,
2022-05-14 07:00:00,,,,,,,,,
2022-05-14 08:00:00,,,,,,,,,
2022-05-14 09:00:00,,,,,,,,,
2022-05-14 10:00:00,,,,,,,,,
2022-05-14 11:00:00,,,,,,,,,
2022-05-14 12:00:00,,,,,,,,,
2022-05-14 13:00:00,,,,,,,,,
2022-05-14 14:00:00,,,,,,,,,
2022-05-14 15:00:00,,,,,,,,,
2022-05-14 16:00:00,,,,,,,,,
2022-05-14 17:00:00,,,,,,,,,
2022-05-14 18:00:00,,,,,,,,,
2022-05-14 19:00:00,,,,,,,,,
2022-05-14 20:00:00,,,,,,,,,
2022-05-14 21:00:00,,,,,,,,,
2022-05-14 22:00:00,,,,,,,,,
2022-05-14 23:00:00,,,,,,,,,
2022-05-15 00:00:00,,,,,,,,,
2022-05-15 01:00:00,,,,,,,,,
2022-05-15 02:00:00,,,,,,,,,
2022-05-15 03:00:00,,,,,,,,,
2022-05-15 04:00:00,,,,,,,,,
2022-05-15 05:00:00,,,,,,,,,
2022-05-15 06:00:00,,,,,,,,,
2022-05-15 07:00:00,,,,,,,,,
2022-05-15 08:00:00,,,,,,,,,
2022-05-15 09:00:00,,,,,,,,,
2022-05-15 10:00:00,,,,,,,,,
2022-05-15 11:00:00,,,,,,,,,
2022-05-15 12:00:00,,,,,,,,,
2022-05-15 13:00:00,,,,,,,,,
2022-05-15 14:00:00,,,,,,,,,
2022-05-15 15:00:00,,,,,,,,,
2022-05-15 16:00:00,,,,,,,,,
2022-05-15 17:00:00,,,,,,,,,
2022-05-15 18:00:00,,,,,,,,,
2022-05-15 19:00:00,,,,,,,,,
2022-05-15 20:00:00,,,,,,,,,
2022-05-15 21:00:00,,,,,,,,,
2022-05-15 22:00:00,,,,,,,,,
2022-05-15 23:00:00,,,,,,,,,
2022-05-16 00:00:00,,,,,,,,,
2022-05-16 01:00:00,,,,,,,,,
2022-05-16 02:00:00,,,,,,,,,
2022-05-16 03:00:00,,,,,,,,,
2022-05-16 04:00:00,,,,,,,,,
2022-05-16 05:00:00,,,,,,,,,
2022-05-16 06:00:00,,,,,,,,,
2022-05-16 07:00:00,,,,,,,,,
2022-05-16 08:00:00,,,,,,,,,
2022-05-16 09:00:00,,,,,,,,,
2022-05-16 10:00:00,,,,,,,,,
2022-05-16 11:00:00,,,,,,,,,
2022-05-16 12:00:00,,,,,,,,,
2022-05-16 13:00:00,,,,,,,,,
2022-05-16 14:00:00,,,,,,,,,
2022-05-16 15:00:00,,,,,,,,,
2022-05-16 16:00:00,,,,,,,,,
2022-05-16 17:00:00,,,,,,,,,
2022-05-16 18:00:00,,,,,,,,,
2022-05-16 19:00:00,,,,,,,,,
2022-05-16 20:00:00,,,,,,,,,
2022-05-16 21:00:00,,,,,,,,,
2022-05-16 22:00:00,,,,,,,,,
2022-05-16 23:00:00,,,,,,,,,
2022-05-17 00:00:00,59.0,0.0,1652749140.0,ok,27.48,27.48,27.48,0.0,27.48
2022-05-17 01:00:00,119.0,0.0,1652752740.0,ok,27.48,27.48,27.48,0.0,27.48
2022-05-17 02:00:00,179.0,0.0,1652756340.0,ok,27.48,27.48,27.48,0.0,27.48
2022-05-17 03:00:00,239.0,0.0,1652759940.0,ok,27.48,27.48,27.48,0.0,27.48
2022-05-17 04:00:00,299.0,0.0,1652763540.0,ok,27.48,27.48,27.48,0.0,27.48
2022-05-17 05:00:00,359.0,0.0,1652767140.0,ok,27.48,27.48,27.48,0.0,27.48
2022-05-17 06:00:00,419.0,0.0,1652770740.0,ok,27.48,27.48,27.48,0.0,27.48
2022-05-17 07:00:00,479.0,0.0,1652774340.0,ok,27.48,27.48,27.48,0.0,27.48
2022-05-17 08:00:00,539.0,0.0,1652777940.0,ok,27.48,27.48,27.48,0.0,27.48
2022-05-17 09:00:00,599.0,0.0,1652781540.0,ok,27.48,27.48,27.48,0.0,27.48
2022-05-17 10:00:00,659.0,0.0,1652785140.0,ok,27.48,27.48,27.48,0.0,27.48
2022-05-17 11:00:00,719.0,0.0,1652788740.0,ok,27.48,27.48,27.48,0.0,27.48
2022-05-17 12:00:00,779.0,0.0,1652792340.0,ok,27.48,27.48,27.48,0.0,27.48
2022-05-17 13:00:00,839.0,0.0,1652795940.0,ok,27.48,27.48,27.48,0.0,27.48
2022-05-17 14:00:00,899.0,0.0,1652799540.0,ok,33.43,33.43,33.43,0.0,33.43
2022-05-17 15:00:00,959.0,0.0,1652803140.0,ok,33.43,33.43,33.43,0.0,33.43
2022-05-17 16:00:00,1019.0,0.0,1652806740.0,ok,33.19,33.19,33.19,0.0,33.19
2022-05-17 17:00:00,1079.0,10.0,1652810340.0,ok,33.18,33.13,33.18,331.55,33.13
2022-05-17 18:00:00,1139.0,0.0,1652813940.0,ok,32.85,32.85,32.85,0.0,32.85
2022-05-17 19:00:00,1199.0,0.0,1652817540.0,ok,33.77,33.77,33.77,0.0,33.77
2022-05-17 20:00:00,1259.0,0.0,1652821140.0,ok,33.77,33.77,33.77,0.0,33.77
2022-05-17 21:00:00,1319.0,0.0,1652824740.0,ok,34.13,34.13,34.13,0.0,34.13
2022-05-17 22:00:00,1379.0,0.0,1652828340.0,ok,34.51,34.51,34.51,0.0,34.51
2022-05-17 23:00:00,1439.0,0.0,1652831940.0,ok,34.46,34.46,34.46,0.0,34.46
2022-05-18 00:00:00,59.0,0.0,1652835540.0,ok,34.78,34.78,34.78,0.0,34.78
2022-05-18 01:00:00,119.0,0.0,1652839140.0,ok,34.22,34.22,34.22,0.0,34.22
2022-05-18 02:00:00,179.0,0.0,1652842740.0,ok,33.75,33.75,33.75,0.0,33.75
2022-05-18 03:00:00,239.0,0.0,1652846340.0,ok,33.24,33.24,33.24,0.0,33.24
2022-05-18 04:00:00,299.0,0.0,1652849940.0,ok,33.24,33.24,33.24,0.0,33.24
2022-05-18 05:00:00,359.0,0.0,1652853540.0,ok,33.77,33.77,33.77,0.0,33.77
2022-05-18 06:00:00,419.0,0.0,1652857140.0,ok,33.19,33.19,33.19,0.0,33.19
2022-05-18 07:00:00,479.0,0.0,1652860740.0,ok,33.19,33.19,33.19,0.0,33.19
2022-05-18 08:00:00,539.0,0.0,1652864340.0,ok,33.19,33.19,33.19,0.0,33.19
2022-05-18 09:00:00,599.0,0.0,1652867940.0,ok,33.19,33.19,33.19,0.0,33.19
2022-05-18 10:00:00,659.0,0.0,1652871540.0,ok,33.19,33.19,33.19,0.0,33.19
2022-05-18 11:00:00,719.0,0.0,1652875140.0,ok,33.19,33.19,33.19,0.0,33.19
2022-05-18 12:00:00,779.0,0.0,1652878740.0,ok,33.19,33.19,33.19,0.0,33.19
2022-05-18 13:00:00,839.0,0.0,1652882340.0,ok,33.19,33.19,33.19,0.0,33.19
2022-05-18 14:00:00,899.0,0.0,1652885940.0,ok,33.19,33.19,33.19,0.0,33.19
2022-05-18 15:00:00,959.0,0.0,1652889540.0,ok,33.19,33.19,33.19,0.0,33.19
2022-05-18 16:00:00,1019.0,0.0,1652893140.0,ok,33.19,33.19,33.19,0.0,33.19
2022-05-18 17:00:00,1079.0,0.0,1652896740.0,ok,33.19,33.19,33.19,0.0,33.19
2022-05-18 18:00:00,1139.0,0.0,1652900340.0,ok,33.19,33.19,33.19,0.0,33.19
2022-05-18 19:00:00,1199.0,0.0,1652903940.0,ok,33.19,33.19,33.19,0.0,33.19
2022-05-18 20:00:00,1259.0,0.0,1652907540.0,ok,33.19,33.19,33.19,0.0,33.19
2022-05-18 21:00:00,1319.0,0.0,1652911140.0,ok,33.19,33.19,33.19,0.0,33.19
2022-05-18 22:00:00,1379.0,0.0,1652914740.0,ok,33.19,33.19,33.19,0.0,33.19
2022-05-18 23:00:00,1439.0,0.0,1652918340.0,ok,33.19,33.19,33.19,0.0,33.19
2022-05-19 00:00:00,1440.0,0.0,1652918400.0,ok,33.19,33.19,33.19,0.0,33.19
2022-05-19 01:00:00,,,,,,,,,
2022-05-19 02:00:00,,,,,,,,,
2022-05-19 03:00:00,,,,,,,,,
2022-05-19 04:00:00,,,,,,,,,
2022-05-19 05:00:00,,,,,,,,,
2022-05-19 06:00:00,,,,,,,,,
2022-05-19 07:00:00,,,,,,,,,
2022-05-19 08:00:00,,,,,,,,,
2022-05-19 09:00:00,,,,,,,,,
2022-05-19 10:00:00,,,,,,,,,
2022-05-19 11:00:00,,,,,,,,,
2022-05-19 12:00:00,,,,,,,,,
2022-05-19 13:00:00,,,,,,,,,
2022-05-19 14:00:00,,,,,,,,,
2022-05-19 15:00:00,,,,,,,,,
2022-05-19 16:00:00,,,,,,,,,
2022-05-19 17:00:00,,,,,,,,,
2022-05-19 18:00:00,,,,,,,,,
2022-05-19 19:00:00,,,,,,,,,
2022-05-19 20:00:00,,,,,,,,,
2022-05-19 21:00:00,,,,,,,,,
2022-05-19 22:00:00,,,,,,,,,
2022-05-19 23:00:00,,,,,,,,,
2022-05-20 00:00:00,,,,,,,,,
2022-05-20 01:00:00,,,,,,,,,
2022-05-20 02:00:00,,,,,,,,,
2022-05-20 03:00:00,,,,,,,,,
2022-05-20 04:00:00,,,,,,,,,
2022-05-20 05:00:00,,,,,,,,,
2022-05-20 06:00:00,,,,,,,,,
2022-05-20 07:00:00,,,,,,,,,
2022-05-20 08:00:00,,,,,,,,,
2022-05-20 09:00:00,,,,,,,,,
2022-05-20 10:00:00,,,,,,,,,
2022-05-20 11:00:00,,,,,,,,,
2022-05-20 12:00:00,,,,,,,,,
2022-05-20 13:00:00,,,,,,,,,
2022-05-20 14:00:00,,,,,,,,,
2022-05-20 15:00:00,,,,,,,,,
2022-05-20 16:00:00,,,,,,,,,
2022-05-20 17:00:00,,,,,,,,,
2022-05-20 18:00:00,,,,,,,,,
2022-05-20 19:00:00,,,,,,,,,
2022-05-20 20:00:00,,,,,,,,,
2022-05-20 21:00:00,,,,,,,,,
2022-05-20 22:00:00,,,,,,,,,
2022-05-20 23:00:00,,,,,,,,,
2022-05-21 00:00:00,,,,,,,,,
2022-05-21 01:00:00,,,,,,,,,
2022-05-21 02:00:00,,,,,,,,,
2022-05-21 03:00:00,,,,,,,,,
2022-05-21 04:00:00,,,,,,,,,
2022-05-21 05:00:00,,,,,,,,,
2022-05-21 06:00:00,,,,,,,,,
2022-05-21 07:00:00,,,,,,,,,
2022-05-21 08:00:00,,,,,,,,,
2022-05-21 09:00:00,,,,,,,,,
2022-05-21 10:00:00,,,,,,,,,
2022-05-21 11:00:00,,,,,,,,,
2022-05-21 12:00:00,,,,,,,,,
2022-05-21 13:00:00,,,,,,,,,
2022-05-21 14:00:00,,,,,,,,,
2022-05-21 15:00:00,,,,,,,,,
2022-05-21 16:00:00,,,,,,,,,
2022-05-21 17:00:00,,,,,,,,,
2022-05-21 18:00:00,,,,,,,,,
2022-05-21 19:00:00,,,,,,,,,
2022-05-21 20:00:00,,,,,,,,,
2022-05-21 21:00:00,,,,,,,,,
2022-05-21 22:00:00,,,,,,,,,
2022-05-21 23:00:00,,,,,,,,,
2022-05-22 00:00:00,,,,,,,,,
2022-05-22 01:00:00,,,,,,,,,
2022-05-22 02:00:00,,,,,,,,,
2022-05-22 03:00:00,,,,,,,,,
2022-05-22 04:00:00,,,,,,,,,
2022-05-22 05:00:00,,,,,,,,,
2022-05-22 06:00:00,,,,,,,,,
2022-05-22 07:00:00,,,,,,,,,
2022-05-22 08:00:00,,,,,,,,,
2022-05-22 09:00:00,,,,,,,,,
2022-05-22 10:00:00,,,,,,,,,
2022-05-22 11:00:00,,,,,,,,,
2022-05-22 12:00:00,,,,,,,,,
2022-05-22 13:00:00,,,,,,,,,
2022-05-22 14:00:00,,,,,,,,,
2022-05-22 15:00:00,,,,,,,,,
2022-05-22 16:00:00,,,,,,,,,
2022-05-22 17:00:00,,,,,,,,,
2022-05-22 18:00:00,,,,,,,,,
2022-05-22 19:00:00,,,,,,,,,
2022-05-22 20:00:00,,,,,,,,,
2022-05-22 21:00:00,,,,,,,,,
2022-05-22 22:00:00,,,,,,,,,
2022-05-22 23:00:00,,,,,,,,,
2022-05-23 00:00:00,,,,,,,,,
2022-05-23 01:00:00,,,,,,,,,
2022-05-23 02:00:00,,,,,,,,,
2022-05-23 03:00:00,,,,,,,,,
2022-05-23 04:00:00,,,,,,,,,
2022-05-23 05:00:00,,,,,,,,,
2022-05-23 06:00:00,,,,,,,,,
2022-05-23 07:00:00,,,,,,,,,
2022-05-23 08:00:00,,,,,,,,,
2022-05-23 09:00:00,,,,,,,,,
2022-05-23 10:00:00,,,,,,,,,
2022-05-23 11:00:00,,,,,,,,,
2022-05-23 12:00:00,,,,,,,,,
2022-05-23 13:00:00,,,,,,,,,
2022-05-23 14:00:00,,,,,,,,,
2022-05-23 15:00:00,,,,,,,,,
2022-05-23 16:00:00,,,,,,,,,
2022-05-23 17:00:00,,,,,,,,,
2022-05-23 18:00:00,,,,,,,,,
2022-05-23 19:00:00,,,,,,,,,
2022-05-23 20:00:00,,,,,,,,,
2022-05-23 21:00:00,,,,,,,,,
2022-05-23 22:00:00,,,,,,,,,
2022-05-23 23:00:00,,,,,,,,,
2022-05-24 00:00:00,,,,,,,,,
2022-05-24 01:00:00,,,,,,,,,
2022-05-24 02:00:00,,,,,,,,,
2022-05-24 03:00:00,,,,,,,,,
2022-05-24 04:00:00,,,,,,,,,
2022-05-24 05:00:00,,,,,,,,,
2022-05-24 06:00:00,,,,,,,,,
2022-05-24 07:00:00,,,,,,,,,
2022-05-24 08:00:00,,,,,,,,,
2022-05-24 09:00:00,,,,,,,,,
2022-05-24 10:00:00,,,,,,,,,
2022-05-24 11:00:00,,,,,,,,,
2022-05-24 12:00:00,,,,,,,,,
2022-05-24 13:00:00,,,,,,,,,
2022-05-24 14:00:00,,,,,,,,,
2022-05-24 15:00:00,,,,,,,,,
2022-05-24 16:00:00,,,,,,,,,
2022-05-24 17:00:00,,,,,,,,,
2022-05-24 18:00:00,,,,,,,,,
2022-05-24 19:00:00,,,,,,,,,
2022-05-24 20:00:00,,,,,,,,,
2022-05-24 21:00:00,,,,,,,,,
2022-05-24 22:00:00,,,,,,,,,
2022-05-24 23:00:00,,,,,,,,,
2022-05-25 00:00:00,,,,,,,,,
2022-05-25 01:00:00,,,,,,,,,
2022-05-25 02:00:00,,,,,,,,,
2022-05-25 03:00:00,,,,,,,,,
2022-05-25 04:00:00,,,,,,,,,
2022-05-25 05:00:00,,,,,,,,,
2022-05-25 06:00:00,,,,,,,,,
2022-05-25 07:00:00,,,,,,,,,
2022-05-25 08:00:00,,,,,,,,,
2022-05-25 09:00:00,,,,,,,,,
2022-05-25 10:00:00,,,,,,,,,
2022-05-25 11:00:00,,,,,,,,,
2022-05-25 12:00:00,,,,,,,,,
2022-05-25 13:00:00,,,,,,,,,
2022-05-25 14:00:00,,,,,,,,,
2022-05-25 15:00:00,,,,,,,,,
2022-05-25 16:00:00,,,,,,,,,
2022-05-25 17:00:00,,,,,,,,,
2022-05-25 18:00:00,,,,,,,,,
2022-05-25 19:00:00,,,,,,,,,
2022-05-25 20:00:00,,,,,,,,,
2022-05-25 21:00:00,,,,,,,,,
2022-05-25 22:00:00,,,,,,,,,
2022-05-25 23:00:00,,,,,,,,,
2022-05-26 00:00:00,,,,,,,,,
2022-05-26 01:00:00,,,,,,,,,
2022-05-26 02:00:00,,,,,,,,,
2022-05-26 03:00:00,,,,,,,,,
2022-05-26 04:00:00,,,,,,,,,
2022-05-26 05:00:00,,,,,,,,,
2022-05-26 06:00:00,,,,,,,,,
2022-05-26 07:00:00,,,,,,,,,
2022-05-26 08:00:00,,,,,,,,,
2022-05-26 09:00:00,,,,,,,,,
2022-05-26 10:00:00,,,,,,,,,
2022-05-26 11:00:00,,,,,,,,,
2022-05-26 12:00:00,,,,,,,,,
2022-05-26 13:00:00,,,,,,,,,
2022-05-26 14:00:00,,,,,,,,,
2022-05-26 15:00:00,,,,,,,,,
2022-05-26 16:00:00,,,,,,,,,
2022-05-26 17:00:00,,,,,,,,,
2022-05-26 18:00:00,,,,,,,,,
2022-05-26 19:00:00,,,,,,,,,
2022-05-26 20:00:00,,,,,,,,,
2022-05-26 21:00:00,,,,,,,,,
2022-05-26 22:00:00,,,,,,,,,
2022-05-26 23:00:00,,,,,,,,,
2022-05-27 00:00:00,,,,,,,,,
2022-05-27 01:00:00,,,,,,,,,
2022-05-27 02:00:00,,,,,,,,,
2022-05-27 03:00:00,,,,,,,,,
2022-05-27 04:00:00,,,,,,,,,
2022-05-27 05:00:00,,,,,,,,,
2022-05-27 06:00:00,,,,,,,,,
2022-05-27 07:00:00,,,,,,,,,
2022-05-27 08:00:00,,,,,,,,,
2022-05-27 09:00:00,,,,,,,,,
2022-05-27 10:00:00,,,,,,,,,
2022-05-27 11:00:00,,,,,,,,,
2022-05-27 12:00:00,,,,,,,,,
2022-05-27 13:00:00,,,,,,,,,
2022-05-27 14:00:00,,,,,,,,,
2022-05-27 15:00:00,,,,,,,,,
2022-05-27 16:00:00,,,,,,,,,
2022-05-27 17:00:00,,,,,,,,,
2022-05-27 18:00:00,,,,,,,,,
2022-05-27 19:00:00,,,,,,,,,
2022-05-27 20:00:00,,,,,,,,,
2022-05-27 21:00:00,,,,,,,,,
2022-05-27 22:00:00,,,,,,,,,
2022-05-27 23:00:00,,,,,,,,,
2022-05-28 00:00:00,,,,,,,,,
2022-05-28 01:00:00,,,,,,,,,
2022-05-28 02:00:00,,,,,,,,,
2022-05-28 03:00:00,,,,,,,,,
2022-05-28 04:00:00,,,,,,,,,
2022-05-28 05:00:00,,,,,,,,,
2022-05-28 06:00:00,,,,,,,,,
2022-05-28 07:00:00,,,,,,,,,
2022-05-28 08:00:00,,,,,,,,,
2022-05-28 09:00:00,,,,,,,,,
2022-05-28 10:00:00,,,,,,,,,
2022-05-28 11:00:00,,,,,,,,,
2022-05-28 12:00:00,,,,,,,,,
2022-05-28 13:00:00,,,,,,,,,
2022-05-28 14:00:00,,,,,,,,,
2022-05-28 15:00:00,,,,,,,,,
2022-05-28 16:00:00,,,,,,,,,
2022-05-28 17:00:00,,,,,,,,,
2022-05-28 18:00:00,,,,,,,,,
2022-05-28 19:00:00,,,,,,,,,
2022-05-28 20:00:00,,,,,,,,,
2022-05-28 21:00:00,,,,,,,,,
2022-05-28 22:00:00,,,,,,,,,
2022-05-28 23:00:00,,,,,,,,,
2022-05-29 00:00:00,,,,,,,,,
2022-05-29 01:00:00,,,,,,,,,
2022-05-29 02:00:00,,,,,,,,,
2022-05-29 03:00:00,,,,,,,,,
2022-05-29 04:00:00,,,,,,,,,
2022-05-29 05:00:00,,,,,,,,,
2022-05-29 06:00:00,,,,,,,,,
2022-05-29 07:00:00,,,,,,,,,
2022-05-29 08:00:00,,,,,,,,,
2022-05-29 09:00:00,,,,,,,,,
2022-05-29 10:00:00,,,,,,,,,
2022-05-29 11:00:00,,,,,,,,,
2022-05-29 12:00:00,,,,,,,,,
2022-05-29 13:00:00,,,,,,,,,
2022-05-29 14:00:00,,,,,,,,,
2022-05-29 15:00:00,,,,,,,,,
2022-05-29 16:00:00,,,,,,,,,
2022-05-29 17:00:00,,,,,,,,,
2022-05-29 18:00:00,,,,,,,,,
2022-05-29 19:00:00,,,,,,,,,
2022-05-29 20:00:00,,,,,,,,,
2022-05-29 21:00:00,,,,,,,,,
2022-05-29 22:00:00,,,,,,,,,
2022-05-29 23:00:00,,,,,,,,,
2022-05-30 00:00:00,,,,,,,,,
2022-05-30 01:00:00,,,,,,,,,
2022-05-30 02:00:00,,,,,,,,,
2022-05-30 03:00:00,,,,,,,,,
2022-05-30 04:00:00,,,,,,,,,
2022-05-30 05:00:00,,,,,,,,,
2022-05-30 06:00:00,,,,,,,,,
2022-05-30 07:00:00,,,,,,,,,
2022-05-30 08:00:00,,,,,,,,,
2022-05-30 09:00:00,,,,,,,,,
2022-05-30 10:00:00,,,,,,,,,
2022-05-30 11:00:00,,,,,,,,,
2022-05-30 12:00:00,,,,,,,,,
2022-05-30 13:00:00,,,,,,,,,
2022-05-30 14:00:00,,,,,,,,,
2022-05-30 15:00:00,,,,,,,,,
2022-05-30 16:00:00,,,,,,,,,
2022-05-30 17:00:00,,,,,,,,,
2022-05-30 18:00:00,,,,,,,,,
2022-05-30 19:00:00,,,,,,,,,
2022-05-30 20:00:00,,,,,,,,,
2022-05-30 21:00:00,,,,,,,,,
2022-05-30 22:00:00,,,,,,,,,
2022-05-30 23:00:00,,,,,,,,,
2022-05-31 00:00:00,,,,,,,,,
2022-05-31 01:00:00,,,,,,,,,
2022-05-31 02:00:00,,,,,,,,,
2022-05-31 03:00:00,,,,,,,,,
2022-05-31 04:00:00,,,,,,,,,
2022-05-31 05:00:00,,,,,,,,,
2022-05-31 06:00:00,,,,,,,,,
2022-05-31 07:00:00,,,,,,,,,
2022-05-31 08:00:00,,,,,,,,,
2022-05-31 09:00:00,,,,,,,,,
2022-05-31 10:00:00,,,,,,,,,
2022-05-31 11:00:00,,,,,,,,,
2022-05-31 12:00:00,,,,,,,,,
2022-05-31 13:00:00,,,,,,,,,
2022-05-31 14:00:00,,,,,,,,,
2022-05-31 15:00:00,,,,,,,,,
2022-05-31 16:00:00,,,,,,,,,
2022-05-31 17:00:00,,,,,,,,,
2022-05-31 18:00:00,,,,,,,,,
2022-05-31 19:00:00,,,,,,,,,
2022-05-31 20:00:00,,,,,,,,,
2022-05-31 21:00:00,,,,,,,,,
2022-05-31 22:00:00,,,,,,,,,
2022-05-31 23:00:00,,,,,,,,,
2022-06-01 00:00:00,,,,,,,,,
2022-06-01 01:00:00,,,,,,,,,
2022-06-01 02:00:00,,,,,,,,,
2022-06-01 03:00:00,,,,,,,,,
2022-06-01 04:00:00,,,,,,,,,
2022-06-01 05:00:00,,,,,,,,,
2022-06-01 06:00:00,,,,,,,,,
2022-06-01 07:00:00,,,,,,,,,
2022-06-01 08:00:00,14.0,0.0,1654073940.0,ok,33.19,33.19,33.19,0.0,33.19
2022-06-01 09:00:00,74.0,0.0,1654077540.0,ok,33.19,33.19,33.19,0.0,33.19
2022-06-01 10:00:00,134.0,0.0,1654081140.0,ok,33.19,33.19,33.19,0.0,33.19
2022-06-01 11:00:00,194.0,0.0,1654084740.0,ok,33.19,33.19,33.19,0.0,33.19
2022-06-01 12:00:00,254.0,0.0,1654088340.0,ok,33.19,33.19,33.19,0.0,33.19
2022-06-01 13:00:00,314.0,0.0,1654091940.0,ok,33.19,33.19,33.19,0.0,33.19
2022-06-01 14:00:00,374.0,0.0,1654095540.0,ok,33.19,33.19,33.19,0.0,33.19
2022-06-01 15:00:00,434.0,0.0,1654099140.0,ok,33.19,33.19,33.19,0.0,33.19
2022-06-01 16:00:00,494.0,0.0,1654102740.0,ok,33.19,33.19,33.19,0.0,33.19
2022-06-01 17:00:00,554.0,0.0,1654106340.0,ok,33.19,33.19,33.19,0.0,33.19
2022-06-01 18:00:00,614.0,0.0,1654109940.0,ok,33.19,33.19,33.19,0.0,33.19
2022-06-01 19:00:00,674.0,0.0,1654113540.0,ok,33.19,33.19,33.19,0.0,33.19
2022-06-01 20:00:00,734.0,0.0,1654117140.0,ok,33.19,33.19,33.19,0.0,33.19
2022-06-01 21:00:00,794.0,0.0,1654120740.0,ok,33.19,33.19,33.19,0.0,33.19
2022-06-01 22:00:00,854.0,0.0,1654124340.0,ok,33.19,33.19,33.19,0.0,33.19
2022-06-01 23:00:00,914.0,0.0,1654127940.0,ok,33.19,33.19,33.19,0.0,33.19
2022-06-02 00:00:00,59.0,0.0,1654131540.0,ok,33.19,33.19,33.19,0.0,33.19
2022-06-02 01:00:00,119.0,0.0,1654135140.0,ok,33.19,33.19,33.19,0.0,33.19
2022-06-02 02:00:00,179.0,0.0,1654138740.0,ok,33.19,33.19,33.19,0.0,33.19
2022-06-02 03:00:00,239.0,0.0,1654142340.0,ok,33.19,33.19,33.19,0.0,33.19
2022-06-02 04:00:00,299.0,0.0,1654145940.0,ok,33.19,33.19,33.19,0.0,33.19
2022-06-02 05:00:00,359.0,0.0,1654149540.0,ok,33.19,33.19,33.19,0.0,33.19
2022-06-02 06:00:00,419.0,0.0,1654153140.0,ok,33.19,33.19,33.19,0.0,33.19
2022-06-02 07:00:00,479.0,0.0,1654156740.0,ok,33.19,33.19,33.19,0.0,33.19
2022-06-02 08:00:00,539.0,0.0,1654160340.0,ok,33.19,33.19,33.19,0.0,33.19
2022-06-02 09:00:00,599.0,0.0,1654163940.0,ok,33.19,33.19,33.19,0.0,33.19
2022-06-02 10:00:00,659.0,0.0,1654167540.0,ok,33.19,33.19,33.19,0.0,33.19
2022-06-02 11:00:00,719.0,0.0,1654171140.0,ok,33.19,33.19,33.19,0.0,33.19
2022-06-02 12:00:00,779.0,0.0,1654174740.0,ok,33.19,33.19,33.19,0.0,33.19
2022-06-02 13:00:00,839.0,0.0,1654178340.0,ok,33.19,33.19,33.19,0.0,33.19
2022-06-02 14:00:00,899.0,0.0,1654181940.0,ok,33.19,33.19,33.19,0.0,33.19
2022-06-02 15:00:00,959.0,0.0,1654185540.0,ok,33.19,33.19,33.19,0.0,33.19
2022-06-02 16:00:00,1019.0,0.0,1654189140.0,ok,33.19,33.19,33.19,0.0,33.19
2022-06-02 17:00:00,1079.0,0.0,1654192740.0,ok,33.19,33.19,33.19,0.0,33.19
2022-06-02 18:00:00,1139.0,0.0,1654196340.0,ok,33.19,33.19,33.19,0.0,33.19
2022-06-02 19:00:00,1199.0,0.0,1654199940.0,ok,33.19,33.19,33.19,0.0,33.19
2022-06-02 20:00:00,1259.0,0.0,1654203540.0,ok,33.19,33.19,33.19,0.0,33.19
2022-06-02 21:00:00,1319.0,0.0,1654207140.0,ok,33.19,33.19,33.19,0.0,33.19
2022-06-02 22:00:00,1379.0,0.0,1654210740.0,ok,33.19,33.19,33.19,0.0,33.19
2022-06-02 23:00:00,1439.0,0.0,1654214340.0,ok,33.19,33.19,33.19,0.0,33.19
2022-06-03 00:00:00,59.0,0.0,1654217940.0,ok,33.19,33.19,33.19,0.0,33.19
2022-06-03 01:00:00,119.0,0.0,1654221540.0,ok,33.19,33.19,33.19,0.0,33.19
2022-06-03 02:00:00,179.0,0.0,1654225140.0,ok,33.19,33.19,33.19,0.0,33.19
2022-06-03 03:00:00,239.0,0.0,1654228740.0,ok,33.19,33.19,33.19,0.0,33.19
2022-06-03 04:00:00,299.0,0.0,1654232340.0,ok,33.19,33.19,33.19,0.0,33.19
2022-06-03 05:00:00,359.0,0.0,1654235940.0,ok,33.19,33.19,33.19,0.0,33.19
2022-06-03 06:00:00,419.0,0.0,1654239540.0,ok,33.19,33.19,33.19,0.0,33.19
2022-06-03 07:00:00,479.0,0.0,1654243140.0,ok,33.19,33.19,33.19,0.0,33.19
2022-06-03 08:00:00,539.0,0.0,1654246740.0,ok,33.19,33.19,33.19,0.0,33.19
2022-06-03 09:00:00,599.0,0.0,1654250340.0,ok,33.19,33.19,33.19,0.0,33.19
2022-06-03 10:00:00,659.0,0.0,1654253940.0,ok,33.19,33.19,33.19,0.0,33.19
2022-06-03 11:00:00,719.0,0.0,1654257540.0,ok,33.19,33.19,33.19,0.0,33.19
2022-06-03 12:00:00,779.0,0.0,1654261140.0,ok,33.19,33.19,33.19,0.0,33.19
2022-06-03 13:00:00,839.0,0.0,1654264740.0,ok,33.19,33.19,33.19,0.0,33.19
2022-06-03 14:00:00,899.0,0.0,1654268340.0,ok,33.19,33.19,33.19,0.0,33.19
2022-06-03 15:00:00,959.0,0.0,1654271940.0,ok,33.19,33.19,33.19,0.0,33.19
2022-06-03 16:00:00,1019.0,0.0,1654275540.0,ok,33.19,33.19,33.19,0.0,33.19
2022-06-03 17:00:00,1079.0,0.0,1654279140.0,ok,33.19,33.19,33.19,0.0,33.19
2022-06-03 18:00:00,1139.0,0.0,1654282740.0,ok,33.19,33.19,33.19,0.0,33.19
2022-06-03 19:00:00,1199.0,0.0,1654286340.0,ok,33.19,33.19,33.19,0.0,33.19
2022-06-03 20:00:00,1259.0,0.0,1654289940.0,ok,33.19,33.19,33.19,0.0,33.19
2022-06-03 21:00:00,1319.0,0.0,1654293540.0,ok,33.19,33.19,33.19,0.0,33.19
2022-06-03 22:00:00,1379.0,0.0,1654297140.0,ok,33.19,33.19,33.19,0.0,33.19
2022-06-03 23:00:00,1439.0,0.0,1654300740.0,ok,33.19,33.19,33.19,0.0,33.19
2022-06-04 00:00:00,59.0,0.0,1654304340.0,ok,33.19,33.19,33.19,0.0,33.19
2022-06-04 01:00:00,119.0,0.0,1654307940.0,ok,33.19,33.19,33.19,0.0,33.19
2022-06-04 02:00:00,179.0,0.0,1654311540.0,ok,33.19,33.19,33.19,0.0,33.19
2022-06-04 03:00:00,239.0,0.0,1654315140.0,ok,33.19,33.19,33.19,0.0,33.19
2022-06-04 04:00:00,299.0,0.0,1654318740.0,ok,33.19,33.19,33.19,0.0,33.19
2022-06-04 05:00:00,359.0,0.0,1654322340.0,ok,33.19,33.19,33.19,0.0,33.19
2022-06-04 06:00:00,419.0,0.0,1654325940.0,ok,33.19,33.19,33.19,0.0,33.19
2022-06-04 07:00:00,479.0,0.0,1654329540.0,ok,33.19,33.19,33.19,0.0,33.19
2022-06-04 08:00:00,539.0,0.0,1654333140.0,ok,33.19,33.19,33.19,0.0,33.19
2022-06-04 09:00:00,599.0,0.0,1654336740.0,ok,33.19,33.19,33.19,0.0,33.19
2022-06-04 10:00:00,659.0,0.0,1654340340.0,ok,33.19,33.19,33.19,0.0,33.19
2022-06-04 11:00:00,719.0,0.0,1654343940.0,ok,33.19,33.19,33.19,0.0,33.19
2022-06-04 12:00:00,779.0,0.0,1654347540.0,ok,33.19,33.19,33.19,0.0,33.19
2022-06-04 13:00:00,839.0,0.0,1654351140.0,ok,33.19,33.19,33.19,0.0,33.19
2022-06-04 14:00:00,899.0,0.0,1654354740.0,ok,33.19,33.19,33.19,0.0,33.19
2022-06-04 15:00:00,959.0,0.0,1654358340.0,ok,33.19,33.19,33.19,0.0,33.19
2022-06-04 16:00:00,1019.0,0.0,1654361940.0,ok,33.19,33.19,33.19,0.0,33.19
2022-06-04 17:00:00,1079.0,0.0,1654365540.0,ok,33.19,33.19,33.19,0.0,33.19
2022-06-04 18:00:00,1139.0,0.0,1654369140.0,ok,33.19,33.19,33.19,0.0,33.19
2022-06-04 19:00:00,1199.0,0.0,1654372740.0,ok,33.19,33.19,33.19,0.0,33.19
2022-06-04 20:00:00,1259.0,0.0,1654376340.0,ok,33.19,33.19,33.19,0.0,33.19
2022-06-04 21:00:00,1319.0,0.0,1654379940.0,ok,33.19,33.19,33.19,0.0,33.19
2022-06-04 22:00:00,1379.0,0.0,1654383540.0,ok,33.19,33.19,33.19,0.0,33.19
2022-06-04 23:00:00,1439.0,0.0,1654387140.0,ok,33.19,33.19,33.19,0.0,33.19
2022-06-05 00:00:00,59.0,0.0,1654390740.0,ok,33.19,33.19,33.19,0.0,33.19
2022-06-05 01:00:00,119.0,0.0,1654394340.0,ok,33.19,33.19,33.19,0.0,33.19
2022-06-05 02:00:00,179.0,0.0,1654397940.0,ok,33.19,33.19,33.19,0.0,33.19
2022-06-05 03:00:00,239.0,0.0,1654401540.0,ok,33.19,33.19,33.19,0.0,33.19
2022-06-05 04:00:00,299.0,0.0,1654405140.0,ok,33.19,33.19,33.19,0.0,33.19
2022-06-05 05:00:00,359.0,0.0,1654408740.0,ok,33.19,33.19,33.19,0.0,33.19
2022-06-05 06:00:00,419.0,0.0,1654412340.0,ok,33.19,33.19,33.19,0.0,33.19
2022-06-05 07:00:00,479.0,0.0,1654415940.0,ok,33.19,33.19,33.19,0.0,33.19
2022-06-05 08:00:00,539.0,0.0,1654419540.0,ok,33.19,33.19,33.19,0.0,33.19
2022-06-05 09:00:00,599.0,0.0,1654423140.0,ok,33.19,33.19,33.19,0.0,33.19
2022-06-05 10:00:00,659.0,0.0,1654426740.0,ok,33.19,33.19,33.19,0.0,33.19
2022-06-05 11:00:00,719.0,0.0,1654430340.0,ok,33.19,33.19,33.19,0.0,33.19
2022-06-05 12:00:00,779.0,0.0,1654433940.0,ok,33.19,33.19,33.19,0.0,33.19
2022-06-05 13:00:00,839.0,0.0,1654437540.0,ok,33.19,33.19,33.19,0.0,33.19
2022-06-05 14:00:00,899.0,0.0,1654441140.0,ok,33.19,33.19,33.19,0.0,33.19
2022-06-05 15:00:00,959.0,0.0,1654444740.0,ok,33.19,33.19,33.19,0.0,33.19
2022-06-05 16:00:00,1019.0,0.0,1654448340.0,ok,33.19,33.19,33.19,0.0,33.19
2022-06-05 17:00:00,1079.0,0.0,1654451940.0,ok,33.19,33.19,33.19,0.0,33.19
2022-06-05 18:00:00,1139.0,0.0,1654455540.0,ok,33.19,33.19,33.19,0.0,33.19
2022-06-05 19:00:00,1199.0,0.0,1654459140.0,ok,33.19,33.19,33.19,0.0,33.19
2022-06-05 20:00:00,1259.0,0.0,1654462740.0,ok,33.19,33.19,33.19,0.0,33.19
2022-06-05 21:00:00,1319.0,0.0,1654466340.0,ok,33.19,33.19,33.19,0.0,33.19
2022-06-05 22:00:00,1379.0,0.0,1654469940.0,ok,33.19,33.19,33.19,0.0,33.19
2022-06-05 23:00:00,1439.0,0.0,1654473540.0,ok,33.19,33.19,33.19,0.0,33.19
2022-06-06 00:00:00,1440.0,0.0,1654473600.0,ok,33.19,33.19,33.19,0.0,33.19
