timestamp,Unnamed: 0_deribit_1H_DOL,volume_deribit_1H_DOL,ticks_deribit_1H_DOL,status_deribit_1H_DOL,open_deribit_1H_DOL,low_deribit_1H_DOL,high_deribit_1H_DOL,cost_deribit_1H_DOL,close_deribit_1H_DOL
2022-05-13 10:00:00,26.0,0.0,1652439540.0,ok,10.847,10.847,10.847,0.0,10.847
2022-05-13 11:00:00,86.0,0.0,1652443140.0,ok,10.847,10.847,10.847,0.0,10.847
2022-05-13 12:00:00,146.0,0.0,1652446740.0,ok,10.847,10.847,10.847,0.0,10.847
2022-05-13 13:00:00,206.0,0.0,1652450340.0,ok,10.847,10.847,10.847,0.0,10.847
2022-05-13 14:00:00,266.0,0.0,1652453940.0,ok,10.847,10.847,10.847,0.0,10.847
2022-05-13 15:00:00,326.0,0.0,1652457540.0,ok,10.847,10.847,10.847,0.0,10.847
2022-05-13 16:00:00,386.0,0.0,1652461140.0,ok,10.847,10.847,10.847,0.0,10.847
2022-05-13 17:00:00,446.0,0.0,1652464740.0,ok,10.847,10.847,10.847,0.0,10.847
2022-05-13 18:00:00,506.0,0.0,1652468340.0,ok,10.847,10.847,10.847,0.0,10.847
2022-05-13 19:00:00,566.0,0.0,1652471940.0,ok,10.847,10.847,10.847,0.0,10.847
2022-05-13 20:00:00,626.0,0.0,1652475540.0,ok,10.847,10.847,10.847,0.0,10.847
2022-05-13 21:00:00,686.0,0.0,1652479140.0,ok,10.847,10.847,10.847,0.0,10.847
2022-05-13 22:00:00,746.0,0.0,1652482740.0,ok,10.847,10.847,10.847,0.0,10.847
2022-05-13 23:00:00,806.0,0.0,1652486340.0,ok,10.847,10.847,10.847,0.0,10.847
2022-05-14 00:00:00,807.0,0.0,1652486400.0,ok,10.847,10.847,10.847,0.0,10.847
2022-05-14 01:00:00,,,,,,,,,
2022-05-14 02:00:00,,,,,,,,,
2022-05-14 03:00:00,,,,,,,,,
2022-05-14 04:00:00,,,,,,,,,
2022-05-14 05:00:00,,,,,,,,,
2022-05-14 06:00:00,,,,,,,,,
2022-05-14 07:00:00,,,,,,,,,
2022-05-14 08:00:00,,,,,,,,,
2022-05-14 09:00:00,,,,,,,,,
2022-05-14 10:00:00,,,,,,,,,
2022-05-14 11:00:00,,,,,,,,,
2022-05-14 12:00:00,,,,,,,,,
2022-05-14 13:00:00,,,,,,,,,
2022-05-14 14:00:00,,,,,,,,,
2022-05-14 15:00:00,,,,,,,,,
2022-05-14 16:00:00,,,,,,,,,
2022-05-14 17:00:00,,,,,,,,,
2022-05-14 18:00:00,,,,,,,,,
2022-05-14 19:00:00,,,,,,,,,
2022-05-14 20:00:00,,,,,,,,,
2022-05-14 21:00:00,,,,,,,,,
2022-05-14 22:00:00,,,,,,,,,
2022-05-14 23:00:00,,,,,,,,,
2022-05-15 00:00:00,,,,,,,,,
2022-05-15 01:00:00,,,,,,,,,
2022-05-15 02:00:00,,,,,,,,,
2022-05-15 03:00:00,,,,,,,,,
2022-05-15 04:00:00,,,,,,,,,
2022-05-15 05:00:00,,,,,,,,,
2022-05-15 06:00:00,,,,,,,,,
2022-05-15 07:00:00,,,,,,,,,
2022-05-15 08:00:00,,,,,,,,,
2022-05-15 09:00:00,,,,,,,,,
2022-05-15 10:00:00,,,,,,,,,
2022-05-15 11:00:00,,,,,,,,,
2022-05-15 12:00:00,,,,,,,,,
2022-05-15 13:00:00,,,,,,,,,
2022-05-15 14:00:00,,,,,,,,,
2022-05-15 15:00:00,,,,,,,,,
2022-05-15 16:00:00,,,,,,,,,
2022-05-15 17:00:00,,,,,,,,,
2022-05-15 18:00:00,,,,,,,,,
2022-05-15 19:00:00,,,,,,,,,
2022-05-15 20:00:00,,,,,,,,,
2022-05-15 21:00:00,,,,,,,,,
2022-05-15 22:00:00,,,,,,,,,
2022-05-15 23:00:00,,,,,,,,,
2022-05-16 00:00:00,,,,,,,,,
2022-05-16 01:00:00,,,,,,,,,
2022-05-16 02:00:00,,,,,,,,,
2022-05-16 03:00:00,,,,,,,,,
2022-05-16 04:00:00,,,,,,,,,
2022-05-16 05:00:00,,,,,,,,,
2022-05-16 06:00:00,,,,,,,,,
2022-05-16 07:00:00,,,,,,,,,
2022-05-16 08:00:00,,,,,,,,,
2022-05-16 09:00:00,,,,,,,,,
2022-05-16 10:00:00,,,,,,,,,
2022-05-16 11:00:00,,,,,,,,,
2022-05-16 12:00:00,,,,,,,,,
2022-05-16 13:00:00,,,,,,,,,
2022-05-16 14:00:00,,,,,,,,,
2022-05-16 15:00:00,,,,,,,,,
2022-05-16 16:00:00,,,,,,,,,
2022-05-16 17:00:00,,,,,,,,,
2022-05-16 18:00:00,,,,,,,,,
2022-05-16 19:00:00,,,,,,,,,
2022-05-16 20:00:00,,,,,,,,,
2022-05-16 21:00:00,,,,,,,,,
2022-05-16 22:00:00,,,,,,,,,
2022-05-16 23:00:00,,,,,,,,,
2022-05-17 00:00:00,,,,,,,,,
2022-05-17 01:00:00,,,,,,,,,
2022-05-17 02:00:00,,,,,,,,,
2022-05-17 03:00:00,,,,,,,,,
2022-05-17 04:00:00,,,,,,,,,
2022-05-17 05:00:00,,,,,,,,,
2022-05-17 06:00:00,,,,,,,,,
2022-05-17 07:00:00,,,,,,,,,
2022-05-17 08:00:00,,,,,,,,,
2022-05-17 09:00:00,,,,,,,,,
2022-05-17 10:00:00,,,,,,,,,
2022-05-17 11:00:00,,,,,,,,,
2022-05-17 12:00:00,,,,,,,,,
2022-05-17 13:00:00,,,,,,,,,
2022-05-17 14:00:00,,,,,,,,,
2022-05-17 15:00:00,,,,,,,,,
2022-05-17 16:00:00,,,,,,,,,
2022-05-17 17:00:00,,,,,,,,,
2022-05-17 18:00:00,,,,,,,,,
2022-05-17 19:00:00,,,,,,,,,
2022-05-17 20:00:00,,,,,,,,,
2022-05-17 21:00:00,,,,,,,,,
2022-05-17 22:00:00,,,,,,,,,
2022-05-17 23:00:00,,,,,,,,,
2022-05-18 00:00:00,,,,,,,,,
2022-05-18 01:00:00,,,,,,,,,
2022-05-18 02:00:00,,,,,,,,,
2022-05-18 03:00:00,,,,,,,,,
2022-05-18 04:00:00,,,,,,,,,
2022-05-18 05:00:00,,,,,,,,,
2022-05-18 06:00:00,,,,,,,,,
2022-05-18 07:00:00,,,,,,,,,
2022-05-18 08:00:00,,,,,,,,,
2022-05-18 09:00:00,,,,,,,,,
2022-05-18 10:00:00,,,,,,,,,
2022-05-18 11:00:00,,,,,,,,,
2022-05-18 12:00:00,,,,,,,,,
2022-05-18 13:00:00,,,,,,,,,
2022-05-18 14:00:00,,,,,,,,,
2022-05-18 15:00:00,,,,,,,,,
2022-05-18 16:00:00,,,,,,,,,
2022-05-18 17:00:00,,,,,,,,,
2022-05-18 18:00:00,,,,,,,,,
2022-05-18 19:00:00,,,,,,,,,
2022-05-18 20:00:00,,,,,,,,,
2022-05-18 21:00:00,,,,,,,,,
2022-05-18 22:00:00,,,,,,,,,
2022-05-18 23:00:00,,,,,,,,,
2022-05-19 00:00:00,,,,,,,,,
2022-05-19 01:00:00,,,,,,,,,
2022-05-19 02:00:00,,,,,,,,,
2022-05-19 03:00:00,,,,,,,,,
2022-05-19 04:00:00,,,,,,,,,
2022-05-19 05:00:00,,,,,,,,,
2022-05-19 06:00:00,,,,,,,,,
2022-05-19 07:00:00,,,,,,,,,
2022-05-19 08:00:00,,,,,,,,,
2022-05-19 09:00:00,,,,,,,,,
2022-05-19 10:00:00,,,,,,,,,
2022-05-19 11:00:00,,,,,,,,,
2022-05-19 12:00:00,,,,,,,,,
2022-05-19 13:00:00,,,,,,,,,
2022-05-19 14:00:00,,,,,,,,,
2022-05-19 15:00:00,,,,,,,,,
2022-05-19 16:00:00,,,,,,,,,
2022-05-19 17:00:00,,,,,,,,,
2022-05-19 18:00:00,,,,,,,,,
2022-05-19 19:00:00,,,,,,,,,
2022-05-19 20:00:00,,,,,,,,,
2022-05-19 21:00:00,,,,,,,,,
2022-05-19 22:00:00,,,,,,,,,
2022-05-19 23:00:00,,,,,,,,,
2022-05-20 00:00:00,,,,,,,,,
2022-05-20 01:00:00,,,,,,,,,
2022-05-20 02:00:00,,,,,,,,,
2022-05-20 03:00:00,,,,,,,,,
2022-05-20 04:00:00,,,,,,,,,
2022-05-20 05:00:00,,,,,,,,,
2022-05-20 06:00:00,,,,,,,,,
2022-05-20 07:00:00,,,,,,,,,
2022-05-20 08:00:00,,,,,,,,,
2022-05-20 09:00:00,,,,,,,,,
2022-05-20 10:00:00,,,,,,,,,
2022-05-20 11:00:00,,,,,,,,,
2022-05-20 12:00:00,,,,,,,,,
2022-05-20 13:00:00,,,,,,,,,
2022-05-20 14:00:00,,,,,,,,,
2022-05-20 15:00:00,,,,,,,,,
2022-05-20 16:00:00,,,,,,,,,
2022-05-20 17:00:00,,,,,,,,,
2022-05-20 18:00:00,,,,,,,,,
2022-05-20 19:00:00,,,,,,,,,
2022-05-20 20:00:00,,,,,,,,,
2022-05-20 21:00:00,,,,,,,,,
2022-05-20 22:00:00,,,,,,,,,
2022-05-20 23:00:00,,,,,,,,,
2022-05-21 00:00:00,,,,,,,,,
2022-05-21 01:00:00,,,,,,,,,
2022-05-21 02:00:00,,,,,,,,,
2022-05-21 03:00:00,,,,,,,,,
2022-05-21 04:00:00,,,,,,,,,
2022-05-21 05:00:00,,,,,,,,,
2022-05-21 06:00:00,,,,,,,,,
2022-05-21 07:00:00,,,,,,,,,
2022-05-21 08:00:00,,,,,,,,,
2022-05-21 09:00:00,,,,,,,,,
2022-05-21 10:00:00,,,,,,,,,
2022-05-21 11:00:00,,,,,,,,,
2022-05-21 12:00:00,,,,,,,,,
2022-05-21 13:00:00,,,,,,,,,
2022-05-21 14:00:00,,,,,,,,,
2022-05-21 15:00:00,,,,,,,,,
2022-05-21 16:00:00,,,,,,,,,
2022-05-21 17:00:00,,,,,,,,,
2022-05-21 18:00:00,,,,,,,,,
2022-05-21 19:00:00,,,,,,,,,
2022-05-21 20:00:00,,,,,,,,,
2022-05-21 21:00:00,,,,,,,,,
2022-05-21 22:00:00,,,,,,,,,
2022-05-21 23:00:00,,,,,,,,,
2022-05-22 00:00:00,,,,,,,,,
2022-05-22 01:00:00,,,,,,,,,
2022-05-22 02:00:00,,,,,,,,,
2022-05-22 03:00:00,,,,,,,,,
2022-05-22 04:00:00,,,,,,,,,
2022-05-22 05:00:00,,,,,,,,,
2022-05-22 06:00:00,,,,,,,,,
2022-05-22 07:00:00,,,,,,,,,
2022-05-22 08:00:00,,,,,,,,,
2022-05-22 09:00:00,,,,,,,,,
2022-05-22 10:00:00,,,,,,,,,
2022-05-22 11:00:00,,,,,,,,,
2022-05-22 12:00:00,,,,,,,,,
2022-05-22 13:00:00,,,,,,,,,
2022-05-22 14:00:00,,,,,,,,,
2022-05-22 15:00:00,,,,,,,,,
2022-05-22 16:00:00,,,,,,,,,
2022-05-22 17:00:00,,,,,,,,,
2022-05-22 18:00:00,,,,,,,,,
2022-05-22 19:00:00,,,,,,,,,
2022-05-22 20:00:00,,,,,,,,,
2022-05-22 21:00:00,,,,,,,,,
2022-05-22 22:00:00,,,,,,,,,
2022-05-22 23:00:00,,,,,,,,,
2022-05-23 00:00:00,,,,,,,,,
2022-05-23 01:00:00,,,,,,,,,
2022-05-23 02:00:00,,,,,,,,,
2022-05-23 03:00:00,,,,,,,,,
2022-05-23 04:00:00,,,,,,,,,
2022-05-23 05:00:00,,,,,,,,,
2022-05-23 06:00:00,,,,,,,,,
2022-05-23 07:00:00,,,,,,,,,
2022-05-23 08:00:00,,,,,,,,,
2022-05-23 09:00:00,,,,,,,,,
2022-05-23 10:00:00,,,,,,,,,
2022-05-23 11:00:00,,,,,,,,,
2022-05-23 12:00:00,,,,,,,,,
2022-05-23 13:00:00,,,,,,,,,
2022-05-23 14:00:00,,,,,,,,,
2022-05-23 15:00:00,,,,,,,,,
2022-05-23 16:00:00,,,,,,,,,
2022-05-23 17:00:00,,,,,,,,,
2022-05-23 18:00:00,,,,,,,,,
2022-05-23 19:00:00,,,,,,,,,
2022-05-23 20:00:00,,,,,,,,,
2022-05-23 21:00:00,,,,,,,,,
2022-05-23 22:00:00,,,,,,,,,
2022-05-23 23:00:00,,,,,,,,,
2022-05-24 00:00:00,,,,,,,,,
2022-05-24 01:00:00,,,,,,,,,
2022-05-24 02:00:00,,,,,,,,,
2022-05-24 03:00:00,,,,,,,,,
2022-05-24 04:00:00,,,,,,,,,
2022-05-24 05:00:00,,,,,,,,,
2022-05-24 06:00:00,,,,,,,,,
2022-05-24 07:00:00,,,,,,,,,
2022-05-24 08:00:00,,,,,,,,,
2022-05-24 09:00:00,,,,,,,,,
2022-05-24 10:00:00,,,,,,,,,
2022-05-24 11:00:00,,,,,,,,,
2022-05-24 12:00:00,,,,,,,,,
2022-05-24 13:00:00,,,,,,,,,
2022-05-24 14:00:00,,,,,,,,,
2022-05-24 15:00:00,,,,,,,,,
2022-05-24 16:00:00,,,,,,,,,
2022-05-24 17:00:00,,,,,,,,,
2022-05-24 18:00:00,,,,,,,,,
2022-05-24 19:00:00,,,,,,,,,
2022-05-24 20:00:00,,,,,,,,,
2022-05-24 21:00:00,,,,,,,,,
2022-05-24 22:00:00,,,,,,,,,
2022-05-24 23:00:00,,,,,,,,,
2022-05-25 00:00:00,,,,,,,,,
2022-05-25 01:00:00,,,,,,,,,
2022-05-25 02:00:00,,,,,,,,,
2022-05-25 03:00:00,,,,,,,,,
2022-05-25 04:00:00,,,,,,,,,
2022-05-25 05:00:00,,,,,,,,,
2022-05-25 06:00:00,,,,,,,,,
2022-05-25 07:00:00,,,,,,,,,
2022-05-25 08:00:00,,,,,,,,,
2022-05-25 09:00:00,,,,,,,,,
2022-05-25 10:00:00,,,,,,,,,
2022-05-25 11:00:00,,,,,,,,,
2022-05-25 12:00:00,,,,,,,,,
2022-05-25 13:00:00,,,,,,,,,
2022-05-25 14:00:00,,,,,,,,,
2022-05-25 15:00:00,,,,,,,,,
2022-05-25 16:00:00,,,,,,,,,
2022-05-25 17:00:00,,,,,,,,,
2022-05-25 18:00:00,,,,,,,,,
2022-05-25 19:00:00,,,,,,,,,
2022-05-25 20:00:00,,,,,,,,,
2022-05-25 21:00:00,,,,,,,,,
2022-05-25 22:00:00,,,,,,,,,
2022-05-25 23:00:00,,,,,,,,,
2022-05-26 00:00:00,,,,,,,,,
2022-05-26 01:00:00,,,,,,,,,
2022-05-26 02:00:00,,,,,,,,,
2022-05-26 03:00:00,,,,,,,,,
2022-05-26 04:00:00,,,,,,,,,
2022-05-26 05:00:00,,,,,,,,,
2022-05-26 06:00:00,,,,,,,,,
2022-05-26 07:00:00,,,,,,,,,
2022-05-26 08:00:00,,,,,,,,,
2022-05-26 09:00:00,,,,,,,,,
2022-05-26 10:00:00,,,,,,,,,
2022-05-26 11:00:00,,,,,,,,,
2022-05-26 12:00:00,,,,,,,,,
2022-05-26 13:00:00,,,,,,,,,
2022-05-26 14:00:00,,,,,,,,,
2022-05-26 15:00:00,,,,,,,,,
2022-05-26 16:00:00,,,,,,,,,
2022-05-26 17:00:00,,,,,,,,,
2022-05-26 18:00:00,,,,,,,,,
2022-05-26 19:00:00,,,,,,,,,
2022-05-26 20:00:00,,,,,,,,,
2022-05-26 21:00:00,,,,,,,,,
2022-05-26 22:00:00,,,,,,,,,
2022-05-26 23:00:00,,,,,,,,,
2022-05-27 00:00:00,,,,,,,,,
2022-05-27 01:00:00,,,,,,,,,
2022-05-27 02:00:00,,,,,,,,,
2022-05-27 03:00:00,,,,,,,,,
2022-05-27 04:00:00,,,,,,,,,
2022-05-27 05:00:00,,,,,,,,,
2022-05-27 06:00:00,,,,,,,,,
2022-05-27 07:00:00,,,,,,,,,
2022-05-27 08:00:00,,,,,,,,,
2022-05-27 09:00:00,,,,,,,,,
2022-05-27 10:00:00,,,,,,,,,
2022-05-27 11:00:00,,,,,,,,,
2022-05-27 12:00:00,,,,,,,,,
2022-05-27 13:00:00,,,,,,,,,
2022-05-27 14:00:00,,,,,,,,,
2022-05-27 15:00:00,,,,,,,,,
2022-05-27 16:00:00,,,,,,,,,
2022-05-27 17:00:00,,,,,,,,,
2022-05-27 18:00:00,,,,,,,,,
2022-05-27 19:00:00,,,,,,,,,
2022-05-27 20:00:00,,,,,,,,,
2022-05-27 21:00:00,,,,,,,,,
2022-05-27 22:00:00,,,,,,,,,
2022-05-27 23:00:00,,,,,,,,,
2022-05-28 00:00:00,,,,,,,,,
2022-05-28 01:00:00,,,,,,,,,
2022-05-28 02:00:00,,,,,,,,,
2022-05-28 03:00:00,,,,,,,,,
2022-05-28 04:00:00,,,,,,,,,
2022-05-28 05:00:00,,,,,,,,,
2022-05-28 06:00:00,,,,,,,,,
2022-05-28 07:00:00,,,,,,,,,
2022-05-28 08:00:00,,,,,,,,,
2022-05-28 09:00:00,,,,,,,,,
2022-05-28 10:00:00,,,,,,,,,
2022-05-28 11:00:00,,,,,,,,,
2022-05-28 12:00:00,,,,,,,,,
2022-05-28 13:00:00,,,,,,,,,
2022-05-28 14:00:00,,,,,,,,,
2022-05-28 15:00:00,,,,,,,,,
2022-05-28 16:00:00,,,,,,,,,
2022-05-28 17:00:00,,,,,,,,,
2022-05-28 18:00:00,,,,,,,,,
2022-05-28 19:00:00,,,,,,,,,
2022-05-28 20:00:00,,,,,,,,,
2022-05-28 21:00:00,,,,,,,,,
2022-05-28 22:00:00,,,,,,,,,
2022-05-28 23:00:00,,,,,,,,,
2022-05-29 00:00:00,,,,,,,,,
2022-05-29 01:00:00,,,,,,,,,
2022-05-29 02:00:00,,,,,,,,,
2022-05-29 03:00:00,,,,,,,,,
2022-05-29 04:00:00,,,,,,,,,
2022-05-29 05:00:00,,,,,,,,,
2022-05-29 06:00:00,,,,,,,,,
2022-05-29 07:00:00,,,,,,,,,
2022-05-29 08:00:00,,,,,,,,,
2022-05-29 09:00:00,,,,,,,,,
2022-05-29 10:00:00,,,,,,,,,
2022-05-29 11:00:00,,,,,,,,,
2022-05-29 12:00:00,,,,,,,,,
2022-05-29 13:00:00,,,,,,,,,
2022-05-29 14:00:00,,,,,,,,,
2022-05-29 15:00:00,,,,,,,,,
2022-05-29 16:00:00,,,,,,,,,
2022-05-29 17:00:00,,,,,,,,,
2022-05-29 18:00:00,,,,,,,,,
2022-05-29 19:00:00,,,,,,,,,
2022-05-29 20:00:00,,,,,,,,,
2022-05-29 21:00:00,,,,,,,,,
2022-05-29 22:00:00,,,,,,,,,
2022-05-29 23:00:00,,,,,,,,,
2022-05-30 00:00:00,,,,,,,,,
2022-05-30 01:00:00,,,,,,,,,
2022-05-30 02:00:00,,,,,,,,,
2022-05-30 03:00:00,,,,,,,,,
2022-05-30 04:00:00,,,,,,,,,
2022-05-30 05:00:00,,,,,,,,,
2022-05-30 06:00:00,,,,,,,,,
2022-05-30 07:00:00,,,,,,,,,
2022-05-30 08:00:00,,,,,,,,,
2022-05-30 09:00:00,,,,,,,,,
2022-05-30 10:00:00,,,,,,,,,
2022-05-30 11:00:00,,,,,,,,,
2022-05-30 12:00:00,,,,,,,,,
2022-05-30 13:00:00,,,,,,,,,
2022-05-30 14:00:00,,,,,,,,,
2022-05-30 15:00:00,,,,,,,,,
2022-05-30 16:00:00,,,,,,,,,
2022-05-30 17:00:00,,,,,,,,,
2022-05-30 18:00:00,,,,,,,,,
2022-05-30 19:00:00,,,,,,,,,
2022-05-30 20:00:00,,,,,,,,,
2022-05-30 21:00:00,,,,,,,,,
2022-05-30 22:00:00,,,,,,,,,
2022-05-30 23:00:00,,,,,,,,,
2022-05-31 00:00:00,,,,,,,,,
2022-05-31 01:00:00,,,,,,,,,
2022-05-31 02:00:00,,,,,,,,,
2022-05-31 03:00:00,,,,,,,,,
2022-05-31 04:00:00,,,,,,,,,
2022-05-31 05:00:00,,,,,,,,,
2022-05-31 06:00:00,,,,,,,,,
2022-05-31 07:00:00,,,,,,,,,
2022-05-31 08:00:00,,,,,,,,,
2022-05-31 09:00:00,,,,,,,,,
2022-05-31 10:00:00,,,,,,,,,
2022-05-31 11:00:00,,,,,,,,,
2022-05-31 12:00:00,,,,,,,,,
2022-05-31 13:00:00,,,,,,,,,
2022-05-31 14:00:00,,,,,,,,,
2022-05-31 15:00:00,,,,,,,,,
2022-05-31 16:00:00,,,,,,,,,
2022-05-31 17:00:00,,,,,,,,,
2022-05-31 18:00:00,,,,,,,,,
2022-05-31 19:00:00,,,,,,,,,
2022-05-31 20:00:00,,,,,,,,,
2022-05-31 21:00:00,,,,,,,,,
2022-05-31 22:00:00,,,,,,,,,
2022-05-31 23:00:00,,,,,,,,,
2022-06-01 00:00:00,,,,,,,,,
2022-06-01 01:00:00,,,,,,,,,
2022-06-01 02:00:00,,,,,,,,,
2022-06-01 03:00:00,,,,,,,,,
2022-06-01 04:00:00,,,,,,,,,
2022-06-01 05:00:00,,,,,,,,,
2022-06-01 06:00:00,,,,,,,,,
2022-06-01 07:00:00,,,,,,,,,
2022-06-01 08:00:00,14.0,0.0,1654073940.0,ok,10.847,10.847,10.847,0.0,10.847
2022-06-01 09:00:00,74.0,0.0,1654077540.0,ok,10.847,10.847,10.847,0.0,10.847
2022-06-01 10:00:00,134.0,0.0,1654081140.0,ok,10.847,10.847,10.847,0.0,10.847
2022-06-01 11:00:00,194.0,0.0,1654084740.0,ok,10.847,10.847,10.847,0.0,10.847
2022-06-01 12:00:00,254.0,0.0,1654088340.0,ok,10.847,10.847,10.847,0.0,10.847
2022-06-01 13:00:00,314.0,0.0,1654091940.0,ok,10.847,10.847,10.847,0.0,10.847
2022-06-01 14:00:00,374.0,0.0,1654095540.0,ok,10.847,10.847,10.847,0.0,10.847
2022-06-01 15:00:00,434.0,0.0,1654099140.0,ok,10.847,10.847,10.847,0.0,10.847
2022-06-01 16:00:00,494.0,0.0,1654102740.0,ok,10.847,10.847,10.847,0.0,10.847
2022-06-01 17:00:00,554.0,0.0,1654106340.0,ok,10.847,10.847,10.847,0.0,10.847
2022-06-01 18:00:00,614.0,0.0,1654109940.0,ok,10.847,10.847,10.847,0.0,10.847
2022-06-01 19:00:00,674.0,0.0,1654113540.0,ok,10.847,10.847,10.847,0.0,10.847
2022-06-01 20:00:00,734.0,0.0,1654117140.0,ok,10.847,10.847,10.847,0.0,10.847
2022-06-01 21:00:00,794.0,0.0,1654120740.0,ok,10.847,10.847,10.847,0.0,10.847
2022-06-01 22:00:00,854.0,0.0,1654124340.0,ok,10.847,10.847,10.847,0.0,10.847
2022-06-01 23:00:00,914.0,0.0,1654127940.0,ok,10.847,10.847,10.847,0.0,10.847
2022-06-02 00:00:00,59.0,0.0,1654131540.0,ok,10.847,10.847,10.847,0.0,10.847
2022-06-02 01:00:00,119.0,0.0,1654135140.0,ok,10.847,10.847,10.847,0.0,10.847
2022-06-02 02:00:00,179.0,0.0,1654138740.0,ok,10.847,10.847,10.847,0.0,10.847
2022-06-02 03:00:00,239.0,0.0,1654142340.0,ok,10.847,10.847,10.847,0.0,10.847
2022-06-02 04:00:00,299.0,0.0,1654145940.0,ok,10.847,10.847,10.847,0.0,10.847
2022-06-02 05:00:00,359.0,0.0,1654149540.0,ok,10.847,10.847,10.847,0.0,10.847
2022-06-02 06:00:00,419.0,0.0,1654153140.0,ok,10.847,10.847,10.847,0.0,10.847
2022-06-02 07:00:00,479.0,0.0,1654156740.0,ok,10.847,10.847,10.847,0.0,10.847
2022-06-02 08:00:00,539.0,0.0,1654160340.0,ok,10.847,10.847,10.847,0.0,10.847
2022-06-02 09:00:00,599.0,0.0,1654163940.0,ok,10.847,10.847,10.847,0.0,10.847
2022-06-02 10:00:00,659.0,0.0,1654167540.0,ok,10.847,10.847,10.847,0.0,10.847
2022-06-02 11:00:00,719.0,0.0,1654171140.0,ok,10.847,10.847,10.847,0.0,10.847
2022-06-02 12:00:00,779.0,0.0,1654174740.0,ok,10.847,10.847,10.847,0.0,10.847
2022-06-02 13:00:00,839.0,0.0,1654178340.0,ok,10.847,10.847,10.847,0.0,10.847
2022-06-02 14:00:00,899.0,0.0,1654181940.0,ok,10.847,10.847,10.847,0.0,10.847
2022-06-02 15:00:00,959.0,0.0,1654185540.0,ok,10.847,10.847,10.847,0.0,10.847
2022-06-02 16:00:00,1019.0,0.0,1654189140.0,ok,10.847,10.847,10.847,0.0,10.847
2022-06-02 17:00:00,1079.0,0.0,1654192740.0,ok,10.847,10.847,10.847,0.0,10.847
2022-06-02 18:00:00,1139.0,0.0,1654196340.0,ok,10.847,10.847,10.847,0.0,10.847
2022-06-02 19:00:00,1199.0,0.0,1654199940.0,ok,10.847,10.847,10.847,0.0,10.847
2022-06-02 20:00:00,1259.0,0.0,1654203540.0,ok,10.847,10.847,10.847,0.0,10.847
2022-06-02 21:00:00,1319.0,0.0,1654207140.0,ok,10.847,10.847,10.847,0.0,10.847
2022-06-02 22:00:00,1379.0,0.0,1654210740.0,ok,10.847,10.847,10.847,0.0,10.847
2022-06-02 23:00:00,1439.0,0.0,1654214340.0,ok,10.847,10.847,10.847,0.0,10.847
2022-06-03 00:00:00,59.0,0.0,1654217940.0,ok,10.847,10.847,10.847,0.0,10.847
2022-06-03 01:00:00,119.0,0.0,1654221540.0,ok,10.847,10.847,10.847,0.0,10.847
2022-06-03 02:00:00,179.0,0.0,1654225140.0,ok,10.847,10.847,10.847,0.0,10.847
2022-06-03 03:00:00,239.0,0.0,1654228740.0,ok,10.847,10.847,10.847,0.0,10.847
2022-06-03 04:00:00,299.0,0.0,1654232340.0,ok,10.847,10.847,10.847,0.0,10.847
2022-06-03 05:00:00,359.0,0.0,1654235940.0,ok,10.847,10.847,10.847,0.0,10.847
2022-06-03 06:00:00,419.0,0.0,1654239540.0,ok,10.847,10.847,10.847,0.0,10.847
2022-06-03 07:00:00,479.0,0.0,1654243140.0,ok,10.847,10.847,10.847,0.0,10.847
2022-06-03 08:00:00,539.0,0.0,1654246740.0,ok,10.847,10.847,10.847,0.0,10.847
2022-06-03 09:00:00,599.0,0.0,1654250340.0,ok,10.847,10.847,10.847,0.0,10.847
2022-06-03 10:00:00,659.0,0.0,1654253940.0,ok,10.847,10.847,10.847,0.0,10.847
2022-06-03 11:00:00,719.0,0.0,1654257540.0,ok,10.847,10.847,10.847,0.0,10.847
2022-06-03 12:00:00,779.0,0.0,1654261140.0,ok,10.847,10.847,10.847,0.0,10.847
2022-06-03 13:00:00,839.0,0.0,1654264740.0,ok,10.847,10.847,10.847,0.0,10.847
2022-06-03 14:00:00,899.0,0.0,1654268340.0,ok,10.847,10.847,10.847,0.0,10.847
2022-06-03 15:00:00,959.0,0.0,1654271940.0,ok,10.847,10.847,10.847,0.0,10.847
2022-06-03 16:00:00,1019.0,0.0,1654275540.0,ok,10.847,10.847,10.847,0.0,10.847
2022-06-03 17:00:00,1079.0,0.0,1654279140.0,ok,10.847,10.847,10.847,0.0,10.847
2022-06-03 18:00:00,1139.0,0.0,1654282740.0,ok,10.847,10.847,10.847,0.0,10.847
2022-06-03 19:00:00,1199.0,0.0,1654286340.0,ok,10.847,10.847,10.847,0.0,10.847
2022-06-03 20:00:00,1259.0,0.0,1654289940.0,ok,10.847,10.847,10.847,0.0,10.847
2022-06-03 21:00:00,1319.0,0.0,1654293540.0,ok,10.847,10.847,10.847,0.0,10.847
2022-06-03 22:00:00,1379.0,0.0,1654297140.0,ok,10.847,10.847,10.847,0.0,10.847
2022-06-03 23:00:00,1439.0,0.0,1654300740.0,ok,10.847,10.847,10.847,0.0,10.847
2022-06-04 00:00:00,59.0,0.0,1654304340.0,ok,10.847,10.847,10.847,0.0,10.847
2022-06-04 01:00:00,119.0,0.0,1654307940.0,ok,10.847,10.847,10.847,0.0,10.847
2022-06-04 02:00:00,179.0,0.0,1654311540.0,ok,10.847,10.847,10.847,0.0,10.847
2022-06-04 03:00:00,239.0,0.0,1654315140.0,ok,10.847,10.847,10.847,0.0,10.847
2022-06-04 04:00:00,299.0,0.0,1654318740.0,ok,10.847,10.847,10.847,0.0,10.847
2022-06-04 05:00:00,359.0,0.0,1654322340.0,ok,10.847,10.847,10.847,0.0,10.847
2022-06-04 06:00:00,419.0,0.0,1654325940.0,ok,10.847,10.847,10.847,0.0,10.847
2022-06-04 07:00:00,479.0,0.0,1654329540.0,ok,10.847,10.847,10.847,0.0,10.847
2022-06-04 08:00:00,539.0,0.0,1654333140.0,ok,10.847,10.847,10.847,0.0,10.847
2022-06-04 09:00:00,599.0,0.0,1654336740.0,ok,10.847,10.847,10.847,0.0,10.847
2022-06-04 10:00:00,659.0,0.0,1654340340.0,ok,10.847,10.847,10.847,0.0,10.847
2022-06-04 11:00:00,719.0,0.0,1654343940.0,ok,10.847,10.847,10.847,0.0,10.847
2022-06-04 12:00:00,779.0,0.0,1654347540.0,ok,10.847,10.847,10.847,0.0,10.847
2022-06-04 13:00:00,839.0,0.0,1654351140.0,ok,10.847,10.847,10.847,0.0,10.847
2022-06-04 14:00:00,899.0,0.0,1654354740.0,ok,10.847,10.847,10.847,0.0,10.847
2022-06-04 15:00:00,959.0,0.0,1654358340.0,ok,10.847,10.847,10.847,0.0,10.847
2022-06-04 16:00:00,1019.0,0.0,1654361940.0,ok,10.847,10.847,10.847,0.0,10.847
2022-06-04 17:00:00,1079.0,0.0,1654365540.0,ok,10.847,10.847,10.847,0.0,10.847
2022-06-04 18:00:00,1139.0,0.0,1654369140.0,ok,10.847,10.847,10.847,0.0,10.847
2022-06-04 19:00:00,1199.0,0.0,1654372740.0,ok,10.847,10.847,10.847,0.0,10.847
2022-06-04 20:00:00,1259.0,0.0,1654376340.0,ok,10.847,10.847,10.847,0.0,10.847
2022-06-04 21:00:00,1319.0,0.0,1654379940.0,ok,10.847,10.847,10.847,0.0,10.847
2022-06-04 22:00:00,1379.0,0.0,1654383540.0,ok,10.847,10.847,10.847,0.0,10.847
2022-06-04 23:00:00,1439.0,0.0,1654387140.0,ok,10.847,10.847,10.847,0.0,10.847
2022-06-05 00:00:00,59.0,0.0,1654390740.0,ok,10.847,10.847,10.847,0.0,10.847
2022-06-05 01:00:00,119.0,0.0,1654394340.0,ok,10.847,10.847,10.847,0.0,10.847
2022-06-05 02:00:00,179.0,0.0,1654397940.0,ok,10.847,10.847,10.847,0.0,10.847
2022-06-05 03:00:00,239.0,0.0,1654401540.0,ok,10.847,10.847,10.847,0.0,10.847
2022-06-05 04:00:00,299.0,0.0,1654405140.0,ok,10.847,10.847,10.847,0.0,10.847
2022-06-05 05:00:00,359.0,0.0,1654408740.0,ok,10.847,10.847,10.847,0.0,10.847
2022-06-05 06:00:00,419.0,0.0,1654412340.0,ok,10.847,10.847,10.847,0.0,10.847
2022-06-05 07:00:00,479.0,0.0,1654415940.0,ok,10.847,10.847,10.847,0.0,10.847
2022-06-05 08:00:00,539.0,0.0,1654419540.0,ok,10.847,10.847,10.847,0.0,10.847
2022-06-05 09:00:00,599.0,0.0,1654423140.0,ok,10.847,10.847,10.847,0.0,10.847
2022-06-05 10:00:00,659.0,0.0,1654426740.0,ok,10.847,10.847,10.847,0.0,10.847
2022-06-05 11:00:00,719.0,0.0,1654430340.0,ok,10.847,10.847,10.847,0.0,10.847
2022-06-05 12:00:00,779.0,0.0,1654433940.0,ok,10.847,10.847,10.847,0.0,10.847
2022-06-05 13:00:00,839.0,0.0,1654437540.0,ok,10.847,10.847,10.847,0.0,10.847
2022-06-05 14:00:00,899.0,0.0,1654441140.0,ok,10.847,10.847,10.847,0.0,10.847
2022-06-05 15:00:00,959.0,0.0,1654444740.0,ok,10.847,10.847,10.847,0.0,10.847
2022-06-05 16:00:00,1019.0,0.0,1654448340.0,ok,10.847,10.847,10.847,0.0,10.847
2022-06-05 17:00:00,1079.0,0.0,1654451940.0,ok,10.847,10.847,10.847,0.0,10.847
2022-06-05 18:00:00,1139.0,0.0,1654455540.0,ok,10.847,10.847,10.847,0.0,10.847
2022-06-05 19:00:00,1199.0,0.0,1654459140.0,ok,10.847,10.847,10.847,0.0,10.847
2022-06-05 20:00:00,1259.0,0.0,1654462740.0,ok,10.847,10.847,10.847,0.0,10.847
2022-06-05 21:00:00,1319.0,0.0,1654466340.0,ok,10.847,10.847,10.847,0.0,10.847
2022-06-05 22:00:00,1379.0,0.0,1654469940.0,ok,10.847,10.847,10.847,0.0,10.847
2022-06-05 23:00:00,1439.0,0.0,1654473540.0,ok,10.847,10.847,10.847,0.0,10.847
2022-06-06 00:00:00,1440.0,0.0,1654473600.0,ok,10.847,10.847,10.847,0.0,10.847
